Date,Sales,TransactionCount,CustomerID,Month,IsWeekend,Sales_Lag1,Sales_Lag7,Rolling_Mean_7,Day_0,Day_1,Day_2,Day_3,Day_4,Day_6
2010-12-09,30218.95,2.186918498659096,88,12,0,1.5278576483076551,1.7018505294681738,1.5234150414481367,False,False,False,True,False,False
2010-12-10,27177.24,0.9117062057346957,53,12,0,1.0318407710322675,1.916561118830138,1.388963814658043,False,False,False,False,True,False
2010-12-12,16788.64,-0.6291753148822877,41,12,1,0.6936455756729274,0.1453254356942906,1.1361285809310413,False,False,False,False,False,True
2010-12-13,24829.71,0.4866354414265624,58,12,0,-0.4614200310121415,0.9244512142136383,1.0088867242516686,True,False,False,False,False,False
2010-12-14,26671.93,1.2836431245043125,71,12,0,0.4326333927357268,0.610658864076294,0.9096594273667712,False,True,False,False,False,False
2010-12-15,25816.59,0.7523046691191457,64,12,0,0.6374622399285506,0.35540529463159454,0.9210105036146924,False,False,True,False,False,False
2010-12-16,33771.26,2.8776584906598126,97,12,0,0.5423605114933421,1.5721084588284637,0.9658535628129382,False,False,False,True,False,False
2010-12-17,15805.04,-0.09783685949712102,49,12,0,1.4268074754278008,1.0663952878621712,0.9440551599537067,False,False,False,False,True,False
2010-12-19,6315.29,-1.904387607806688,17,12,1,-0.5707824600916548,0.721588946613865,0.5983395037802244,False,False,False,False,False,True
2010-12-20,17474.52,-0.257238396112671,40,12,0,-1.6259086408127945,-0.4560562452986304,0.0979684917988546,True,False,False,False,False,False
2010-12-21,11052.84,-1.5324506890370713,22,12,0,-0.38515986137300284,0.45547441555382395,0.1144192296108898,False,True,False,False,False,False
2010-12-22,4341.52,-2.1700568354992713,12,12,0,-1.0991599870046926,0.6643073213780003,-0.21601710945788155,False,False,True,False,False,False
2010-12-23,5402.97,-1.9575214533452046,15,12,0,-1.8453639901867995,0.567346514488676,-0.7516089333122618,False,False,False,True,False,False
2011-01-04,11535.97,-1.0011122336519045,34,1,0,-1.7273457405462447,1.469082925434383,-1.2412268116794862,False,True,False,False,False,False
2011-01-05,22365.89,-0.4166399327282211,43,1,0,-1.045442754022601,-0.5675565254870224,-1.7745371953684141,False,False,True,False,False,False
2011-01-06,29368.09,-0.5229076238052545,44,1,0,0.1586914041075377,-1.643308644150904,-1.617176107169182,False,False,False,True,False,False
2011-01-07,19328.63,-0.4166399327282211,45,1,0,0.9372371553281246,-0.3783053179139064,-1.0642578581558295,False,False,False,False,True,False
2011-01-09,14040.19,-0.3103722416511877,48,1,1,-0.1790090140970606,-1.1062629422329324,-1.0197872838794664,False,False,False,False,False,True
2011-01-10,13660.86,-1.1605137702674546,31,1,0,-0.7670088559446229,-1.8670539756143472,-0.9481361034940016,True,False,False,False,False,False
2011-01-11,17412.97,-0.3103722416511877,44,1,0,-0.8091849948453262,-1.7467286681662293,-0.7246130106480092,False,True,False,False,False,False
2011-01-12,15612.2,-0.6291753148822877,42,1,0,-0.3920033521312826,-1.0514956279106287,-0.43655480641033023,False,False,True,False,False,False
2011-01-13,13192.74,-0.8417106970363545,38,1,0,-0.5922235447029739,0.17617732290054597,-0.3387869884369952,False,False,False,True,False,False
2011-01-14,23613.01,-0.8417106970363545,37,1,0,-0.861233327806593,0.9699423309680117,-0.5588037341657932,False,False,False,False,True,False
2011-01-16,5982.44,-1.585584534575588,21,1,1,0.2973535356179512,-0.16812456913381316,-0.6968385393318365,False,False,False,False,False,True
2011-01-17,15204.460000000001,-0.4697737782667377,44,1,0,-1.6629168601286914,-0.7676188165509547,-1.0169450776178373,True,False,False,False,False,False
2011-01-18,8989.9,-1.3730491524215211,27,1,0,-0.6375584743826005,-0.8106194278602906,-0.98902022121086,False,True,False,False,False,False
2011-01-19,15495.71,-1.1073799247289378,33,1,0,-1.3285297810726995,-0.38528258737872495,-1.1010525567367573,False,False,True,False,False,False
2011-01-20,13747.44,-1.1073799247289378,29,1,0,-0.6051755875694569,-0.5894167471538885,-1.1470377751095078,False,False,False,True,False,False
2011-01-21,22652.45,-1.0542460791904211,32,1,0,-0.7995585215739718,-0.8636852179800447,-1.1917637881764729,False,False,False,False,True,False
2011-01-23,9658.23,-1.4261829979600378,27,1,1,0.1905528291553473,0.31755006530451857,-0.9648739401157556,False,False,False,False,False,True
2011-01-24,16622.56,-0.5760414693437711,42,1,0,-1.2542209235831598,-1.6810403117604065,-1.2995774261550457,True,False,False,False,False,False
2011-01-25,22498.33,0.220966213733979,56,1,0,-0.47988578154236256,-0.6356378982763112,-1.0443756059990583,False,True,False,False,False,False
2011-01-26,15379.64,-0.09783685949712102,48,1,0,0.17341686171966764,-1.3401165290688837,-0.8694331335475111,False,False,True,False,False,False
2011-01-27,21304.54,-0.20410455057415436,50,1,0,-0.6180809323674022,-0.6026219806219101,-0.71617609525062,False,False,False,True,False,False
2011-01-28,15446.84,-0.9479783881133879,35,1,0,0.04068427305473019,-0.8008047732662371,-0.5768521037000823,False,False,False,False,True,False
2011-01-30,6502.66,-1.585584534575588,22,1,1,-0.6106092414014167,0.20866158509125945,-0.5360922275733954,False,False,False,False,False,True
2011-01-31,17137.1,0.008430831579912326,47,1,0,-1.6050757429512366,-1.2643550586964678,-0.9234427276746126,True,False,False,False,False,False
2011-02-01,24932.83,0.16783236819546235,56,2,0,-0.4226762001489378,-0.47488297011937863,-0.7440630555741091,False,True,False,False,False,False
2011-02-02,16642.35,0.061564677118429,54,2,0,0.44409888042043577,0.1911906383826026,-0.5447423684025643,False,False,True,False,False,False
2011-02-03,15738.130000000001,-0.5760414693437711,42,2,0,-0.4776854130272311,-0.6157796031528847,-0.6851972462420116,False,False,False,True,False,False
2011-02-04,14450.43,-0.4697737782667377,41,2,0,-0.578221907153174,0.05586335138982026,-0.676598912716852,False,False,False,False,True,False
2011-02-06,3343.52,-2.2763245265763046,11,2,1,-0.7213959615713211,-0.6081618532254142,-0.8409938018298839,False,False,False,False,False,True
2011-02-07,11728.14,-1.0011122336519045,33,2,0,-1.9563274959018813,-1.6220684982593843,-1.131290273479675,True,False,False,False,False,False
2011-02-08,12204.29,-0.9479783881133879,35,2,0,-1.0240761639491869,-0.41655503786222636,-1.0059578517411314,False,True,False,False,False,False
2011-02-09,11441.93,-1.6387183801141045,22,2,0,-0.9711350083918359,0.46716403419252595,-1.124270623635025,False,False,True,False,False,False
2011-02-10,11572.38,-0.7885768514978377,38,2,0,-1.055898673939882,-0.4726395881094885,-1.4478480114410286,False,False,False,True,False,False
2011-02-11,14408.84,-0.9479783881133879,33,2,0,-1.0413944762239176,-0.5751414011960558,-1.5694505471395221,False,False,False,False,True,False
2011-02-13,5552.1,-1.7981199167296547,20,2,1,-0.7260201822152994,-0.7211142669937303,-1.6013333856333691,False,False,False,False,False,True
2011-02-14,15952.4,-1.0011122336519045,35,2,0,-1.7107645906391404,-1.9801866307871974,-1.8147586113214844,True,False,False,False,False,False
2011-02-15,29005.84,-0.09783685949712102,46,2,0,-0.5543981091876725,-1.0297113570242895,-1.5123363523499285,False,True,False,False,False,False
2011-02-16,21105.2,0.220966213733979,52,2,0,0.8969600712146092,-0.9757352911319521,-1.0979330854592257,False,False,True,False,False,False
2011-02-17,16601.45,-0.04470301395860435,48,2,0,0.018520480239856026,-1.0621559434341306,-0.8844459788246547,False,False,False,True,False,False
2011-02-18,13452.93,-1.0542460791904211,33,2,0,-0.48223291541575475,-1.0473682131061763,-0.7606955986474365,False,False,False,False,True,False
2011-02-20,9235.36,-1.4793168434985546,26,2,1,-0.832303874347668,-0.7258288833550919,-0.715590864594217,False,False,False,False,False,True
2011-02-21,23078.53,-1.2136476158059712,30,2,0,-1.3012380955889078,-1.7298233847334366,-0.8396760734584591,True,False,False,False,False,False
2011-02-22,24156.25,-0.3103722416511877,45,2,0,0.23792690782777398,-0.5508518881460694,-0.4193070516018915,False,True,False,False,False,False
2011-02-23,17083.96,-0.3103722416511877,45,2,0,0.35775415169476604,0.9288778977652412,-0.22253883354732953,False,False,True,False,False,False
2011-02-24,20434.04,-0.04470301395860435,52,2,0,-0.42858461767769473,0.033266293792469606,-0.5084834916603269,False,False,False,True,False,False
2011-02-25,15976.36,-0.5760414693437711,40,2,0,-0.056103033282923806,-0.4772759865028445,-0.5245811722894834,False,False,False,False,True,False
2011-02-27,9135.960000000001,-1.1073799247289378,31,2,1,-0.5517340955634907,-0.8341902424796199,-0.5395738702817334,False,False,False,False,False,True
2011-02-28,14232.15,-0.20410455057415436,48,2,0,-1.312289971809428,-1.3122913371463105,-0.6431158041658243,True,False,False,False,False,False
2011-03-01,21017.84,0.008430831579912326,52,3,0,-0.7456656149054776,0.2569617471313875,-0.5232684807392806,False,True,False,False,False,False
2011-03-02,15273.61,-0.7885768514978377,38,3,0,0.008807281984074856,0.3791314115931952,-0.5726938480074354,False,False,True,False,False,False
2011-03-03,24093.78,-0.4166399327282211,45,3,0,-0.6298699709555485,-0.42257895499237186,-0.7857427511955938,False,False,False,True,False,False
2011-03-04,14181.68,-0.5229076238052545,37,3,0,0.35080836992921366,-0.04281598360814164,-0.6176131790699178,False,False,False,False,True,False
2011-03-06,9629.58,-1.4793168434985546,24,3,1,-0.7512771661413895,-0.5481357975469295,-0.7675751768923569,False,False,False,False,False,True
2011-03-07,14690.64,0.061564677118429,48,3,0,-1.2574063989726758,-1.3235592589140273,-0.919801825476172,True,False,False,False,False,False
2011-03-08,21434.02,-0.5760414693437711,40,3,0,-0.6946880019442473,-0.7458583511331389,-0.7865735868487822,False,True,False,False,False,False
2011-03-09,17577.05,-0.20410455057415436,46,3,0,0.05508062046954857,0.02336321888675794,-0.6138377217902298,False,False,True,False,False,False
2011-03-10,20601.04,-0.257238396112671,43,3,0,-0.37375997335600164,-0.6277990975696954,-0.6963645984396023,False,False,False,True,False,False
2011-03-11,14732.2,-0.4697737782667377,40,3,0,-0.03753499174543016,0.3720498515043694,-0.5685869199215391,False,False,False,False,True,False
2011-03-13,3979.52,-2.010655298883721,16,3,1,-0.6900671168765931,-0.7515795987349161,-0.793123133379272,False,False,False,False,False,True
2011-03-14,20603.04,-0.4166399327282211,39,3,0,-1.8856132778309473,-1.2676028047592958,-1.0378205429500857,True,False,False,False,False,False
2011-03-15,14197.93,-0.6823091604208045,40,3,0,-0.03731261999049012,-0.6938842117842411,-0.7746236085725671,False,True,False,False,False,False
2011-03-16,18910.13,-0.4166399327282211,42,3,0,-0.7494703956325016,0.07054112312507134,-0.7864411904052022,False,False,True,False,False,False
2011-03-17,19008.0,0.008430831579912326,49,3,0,-0.22554030381826476,-0.3666825813058181,-0.8469763461998263,False,False,False,True,False,False
2011-03-18,18602.63,-0.1509707050356377,48,3,0,-0.21465854199027382,-0.023884968163386176,-0.8126552065367201,False,False,False,False,True,False
2011-03-20,18098.32,0.16783236819546235,56,3,1,-0.25972996114029645,-0.689172996204097,-0.8605867965392695,False,False,False,False,False,True
2011-03-21,14939.45,-0.3635060871897044,46,3,0,-0.3158021110072033,-1.9080900689736375,-0.7798508696076681,True,False,False,False,False,False
2011-03-22,17353.0,-0.7354430059593211,40,3,0,-0.667023843770931,-0.023658249415544792,-0.5169784504260971,False,True,False,False,False,False
2011-03-23,18347.82,0.220966213733979,54,3,0,-0.3986711692031599,-0.7497375089087048,-0.5949302144644513,False,False,True,False,False,False
2011-03-24,21394.09,0.5929031325035957,60,3,0,-0.28806123457843286,-0.21556546711962254,-0.49539567148494196,False,False,False,True,False,False
2011-03-25,17335.21,-0.20410455057415436,43,3,0,0.05064096838217057,-0.20447098519400458,-0.43581823126860386,False,False,False,False,True,False
2011-03-27,9137.82,-1.2136476158059712,31,3,1,-0.4006491659633517,-0.2504234746002352,-0.4759398701917298,False,False,False,False,False,True
2011-03-28,17311.17,0.11469852265694568,51,3,0,-1.3120831660773338,-0.3075917404621792,-0.7029520410535806,True,False,False,False,False,False
2011-03-29,28319.86,-0.20410455057415436,46,3,0,-0.40332207445773116,-0.6656792659590337,-0.7218317259383175,False,True,False,False,False,False
2011-03-30,25295.09,0.5929031325035957,63,3,0,0.8206887829877236,-0.3920807490327489,-0.4009044256415748,False,False,True,False,False,False
2011-03-31,23219.72,0.220966213733979,56,3,0,0.4843770763927257,-0.2793085766689667,-0.21041448531734283,False,False,False,True,False,False
2011-04-01,18295.83,0.3272339048110124,56,4,0,0.25362524186776664,0.0660146833244181,-0.0935626314267893,False,False,False,False,True,False
2011-04-03,6185.9800000000005,-1.8512537622681713,18,4,1,-0.2938417883480991,-0.3940974122947981,-0.1678739729639605,False,False,False,False,False,True
2011-04-04,19885.99,-0.20410455057415436,46,4,0,-1.6402860866284432,-1.323348410478535,-0.4352867267052477,True,False,False,False,False,False
2011-04-05,20991.14,-0.5760414693437711,42,4,0,-0.11703845343036919,-0.39682257164385165,-0.17749334210563916,False,True,False,False,False,False
2011-04-06,11889.73,-0.9479783881133879,35,4,0,0.005838619055625193,0.8511156344431253,-0.08922976593173998,False,False,True,False,False,False
2011-04-07,15575.73,0.380367750349529,57,4,0,-1.0061096380088062,0.5082296009890355,-0.4833041825172198,False,False,False,True,False,False
2011-04-08,19245.46,0.4866354414265624,61,4,0,-0.5962784936543056,0.27296695713525015,-0.716421700247405,False,False,False,False,True,False
2011-04-10,9412.61,-1.2136476158059712,30,4,1,-0.18825634352624254,-0.2852021305191032,-0.8117437817439619,False,False,False,False,False,True
2011-04-11,18068.920000000002,0.11469852265694568,52,4,0,-1.2815303988073465,-1.6579671447925888,-1.02480659615264,True,False,False,False,False,False
2011-04-12,22320.4,0.2741000592724957,53,4,0,-0.3190709758048217,-0.1049425884853765,-0.7397959086035907,False,True,False,False,False,False
2011-04-13,19884.22,0.16783236819546235,52,4,0,0.15363355854142663,0.020336523603075394,-0.6814069183472838,False,False,True,False,False,False
2011-04-14,31278.13,1.4430446611198626,74,4,0,-0.11723525243349117,-1.011393615792445,-0.707956242863085,False,False,False,True,False,False
2011-04-15,16127.151,-0.6823091604208045,40,4,0,1.1496066287309652,-0.5935509635207763,-0.2429281257072306,False,False,False,False,True,False
2011-04-17,11934.06,-0.6823091604208045,38,4,1,-0.5349682659139088,-0.17755266826279728,-0.22970236858492038,False,False,False,False,False,True
2011-04-18,18570.78,0.3272339048110124,54,4,0,-1.00118076806056,-1.2921983881188681,-0.4050652956842847,True,False,False,False,False,False
2011-04-19,16874.83,-0.09783685949712102,51,4,0,-0.2632712313377169,-0.3109245060554473,-0.18540784320273776,False,True,False,False,False,False
2011-04-20,20400.58,0.380367750349529,57,4,0,-0.4518369202330001,0.17102060498089394,-0.2140479282234013,False,False,True,False,False,False
2011-04-21,24480.9,0.8054385146576625,62,4,0,-0.059823312743070636,-0.10514323457721618,-0.2600945478453472,False,False,False,True,False,False
2011-04-26,18283.01,0.16783236819546235,53,4,0,0.39385064681540877,1.1864632695314894,-0.14984380794066346,False,True,False,False,False,False
2011-04-27,18303.93,0.11469852265694568,51,4,0,-0.29526719129726514,-0.5310422241940547,-0.46152998038472265,False,False,True,False,False,False
2011-04-28,19338.97,-0.04470301395860435,48,4,0,-0.29294118274059205,-1.0063683947465407,-0.4093202343595528,False,False,False,True,False,False
2011-05-01,6632.21,-1.904387607806688,18,5,1,-0.17785935212402057,-0.2540339706596094,-0.23171448272411288,False,False,False,False,False,True
2011-05-03,17411.21,0.008430831579912326,47,5,0,-1.5906716125249953,-0.44628580086040576,-0.5180594482000348,False,True,False,False,False,False
2011-05-04,24694.08,0.380367750349529,54,5,0,-0.39219903927563005,-0.04660898825952788,-0.505194447401617,False,False,True,False,False,False
2011-05-05,22379.36,1.3367769700428291,73,5,0,0.4175532521744681,0.4159335323365478,-0.40221543825136896,False,False,False,True,False,False
2011-05-06,27903.06,1.1773754334272792,63,5,0,0.16018907787705902,-0.2866553976927668,-0.4526205871717398,False,False,False,False,True,False
2011-05-08,17304.8,0.4866354414265624,58,5,1,0.7743465092582187,-0.28428391959034577,-0.22188500618283988,False,False,False,False,False,True
2011-05-09,19956.56,0.380367750349529,57,5,0,-0.4040303284972151,-0.1669524332074732,-0.24584900231939238,True,False,False,False,False,False
2011-05-10,25963.94,0.6460369780421125,60,5,0,-0.10919206605730977,-1.6073827913679586,-0.23103619079939652,False,True,False,False,False,False
2011-05-11,29296.9,0.8585723601961791,55,5,0,0.5587437505385496,-0.3854820998768256,0.23263270417209897,False,False,True,False,False,False
2011-05-12,46894.62,1.3899108155813458,66,5,0,0.9293218327110339,0.44009948366896084,0.5177093500943087,False,False,False,True,False,False
2011-05-13,23359.72,0.5929031325035957,51,5,0,2.8859397723827866,0.1777042736672578,1.0501862597951208,False,False,False,False,True,False
2011-05-15,9303.35,-1.2667814613444879,29,5,1,0.2691912647135697,0.8038674473929812,1.0737000600537765,False,False,False,False,False,True
2011-05-16,31395.35,0.4335015958880457,50,5,0,-1.2936785677797211,-0.3975446708557263,0.6275885644716289,True,False,False,False,False,False
2011-05-17,35024.090000000004,0.7523046691191457,53,5,0,1.162639837288001,-0.09694281746779335,0.9655484753559935,False,True,False,False,False,False
2011-05-18,28814.37,0.9117062057346957,62,5,0,1.5661044782985685,0.5840500182358898,1.3269411176621848,False,False,True,False,False,False
2011-05-19,29506.96,1.9743831165050292,81,5,0,0.875671311255424,0.9618722771385978,1.3953082906101617,False,False,False,True,False,False
2011-05-20,21304.31,0.7523046691191457,58,5,0,0.9526775381323864,2.9567387987702283,1.4003465509250796,False,False,False,False,True,False
2011-05-22,21438.97,0.380367750349529,57,5,1,0.04065870030291214,0.28883726948414695,0.7865664722834889,False,False,False,False,False,True
2011-05-23,22457.48,0.2741000592724957,53,5,0,0.055630990563025264,-1.3045840333134429,0.7404975467389823,True,False,False,False,False,False
2011-05-24,18749.01,0.2741000592724957,52,5,0,0.16887491862501702,1.1997512553424725,1.0559975522434766,False,True,False,False,False,False
2011-05-25,17560.8,0.16783236819546235,50,5,0,-0.24345457239623494,1.6111029498634428,0.7526768203051641,False,False,True,False,False,False
2011-05-26,20471.27,0.2741000592724957,49,5,0,-0.3755667438648895,0.9071729784406463,0.33382220269635343,False,False,False,True,False,False
2011-05-27,17015.1,0.008430831579912326,47,5,0,-0.05196358306471494,0.985684547224378,0.1337140924735912,False,False,False,False,True,False
2011-05-29,6958.5,-1.585584534575588,20,5,1,-0.4362408772002805,0.05583727873381855,-0.16590145783352686,False,False,False,False,False,True
2011-05-31,14982.89,-0.3635060871897044,46,5,0,-1.5543927725653017,0.07110225202597885,-0.5099837448389337,False,True,False,False,False,False
2011-06-01,12206.92,-0.8948445425748711,35,6,0,-0.6621939292536334,0.1865599079579421,-0.6648319389450782,False,False,True,False,False,False
2011-06-02,25013.13,-0.6823091604208045,33,6,0,-0.9708425895340899,-0.23382992944572464,-0.9106902158835112,False,False,False,True,False,False
2011-06-03,13335.09,-0.7885768514978377,36,6,0,0.45302710638127847,-0.3685246711320293,-0.7604461560725758,False,False,False,False,True,False
2011-06-05,22790.16,0.6991708235806291,62,6,1,-0.8454060181487353,-0.03859561411707435,-0.8617992313622683,False,False,False,False,False,True
2011-06-06,15718.83,0.061564677118429,53,6,0,0.20586423634174392,-0.4303848814805507,-0.8061809724759476,True,False,False,False,False,False
2011-06-07,21801.61,0.8585723601961791,67,6,0,-0.5803677945883455,-1.5703947612513762,-0.8372718307946139,False,True,False,False,False,False
2011-06-08,27487.68,1.4961785066583793,71,6,0,0.09595143716875391,-0.660754934755919,-0.4812618714355517,False,False,True,False,False,False
2011-06-09,22545.56,1.4430446611198626,75,6,0,0.7281621194747209,-0.9754371559785407,-0.18133619685026542,False,False,False,True,False,False
2011-06-10,18315.91,-0.6291753148822877,41,6,0,0.17866817071257673,0.47626679191835736,0.06663466681833005,False,False,False,False,True,False
2011-06-12,11030.75,-0.8417106970363545,38,6,1,-0.2916091759285012,-0.8475485111024342,-0.09399723714375693,False,False,False,False,False,True
2011-06-13,17108.4,-0.1509707050356377,49,6,0,-1.1016160830380055,0.22427230447387778,-0.14926651627390314,True,False,False,False,False,False
2011-06-14,20306.77,-0.1509707050356377,42,6,0,-0.42586723483232714,-0.5773292371127253,-0.28554275128718165,False,True,False,False,False,False
2011-06-15,32687.42,-0.3103722416511877,41,6,0,-0.07025365990853354,0.11221089538457832,-0.17550163908483132,False,False,True,False,False,False
2011-06-16,23654.49,1.3367769700428291,72,6,0,1.3062997739906919,0.7567802306538043,0.08559302205359953,False,False,False,True,False,False
2011-06-17,17068.69,-0.5229076238052545,34,6,0,0.3019655258154081,0.19654460161287682,-0.006345514824154565,False,False,False,False,True,False
2011-06-19,20014.36,0.3272339048110124,57,6,1,-0.430282426026662,-0.2829258742907759,-0.13770749126405596,False,False,False,False,False,True
2011-06-20,19769.89,0.061564677118429,46,6,0,-0.1027655223395426,-1.1087670508028404,-0.0969704007571876,True,False,False,False,False,False
2011-06-21,17464.27,-0.3103722416511877,45,6,0,-0.12994713380463896,-0.4198084518937499,0.11263667459515746,False,True,False,False,False,False
2011-06-22,17473.37,0.11469852265694568,54,6,0,-0.38629951661707057,-0.057243231127028095,0.1211721677793433,False,False,True,False,False,False
2011-06-23,21567.57,0.8054385146576625,64,6,0,-0.38528772513209353,1.3462195016041802,0.05321345704769918,False,False,False,True,False,False
2011-06-24,15610.39,-0.5229076238052545,39,6,0,0.06992949440566991,0.3222522121347492,-0.21349462141960737,False,False,False,False,True,False
2011-06-26,6542.86,-1.5324506890370713,24,6,1,-0.5924247911411947,-0.42430995263214083,-0.4064312576151373,False,False,False,False,False,True
2011-06-27,12496.28,-1.0011122336519045,31,6,0,-1.6006060706769416,-0.09039064565517746,-0.6588918477825888,True,False,False,False,False,False
2011-06-28,20202.61,-0.5229076238052545,37,6,0,-0.9386698440293643,-0.11810361179756904,-0.8392119663600415,False,True,False,False,False,False
2011-06-29,11641.34,-0.7885768514978377,36,6,0,-0.08183478090581099,-0.37946725149659355,-0.8288332364568166,False,False,True,False,False,False
2011-06-30,20598.52,0.380367750349529,55,6,0,-1.0337270981135849,-0.3784356811939154,-0.968495414575194,False,False,False,True,False,False
2011-07-01,11210.7,-0.6823091604208045,34,7,0,-0.037815180156654665,0.0856802675121796,-0.8935391200728303,False,False,False,False,True,False
2011-07-03,5634.9800000000005,-1.5324506890370713,24,7,1,-1.081608184387275,-0.5896219276206851,-1.1419472277933203,False,False,False,False,False,True
2011-07-04,14323.23,-1.1073799247289378,29,7,0,-1.7015495051144252,-1.6175114514277722,-1.3812060696862913,True,False,False,False,False,False
2011-07-05,20390.18,0.4335015958880457,56,7,0,-0.7355388051855081,-0.9426354875408494,-1.1945949614011369,False,True,False,False,False,False
2011-07-06,20079.33,0.6460369780421125,61,7,0,-0.06097964586875903,-0.0690507435146073,-1.0052608516233008,False,False,True,False,False,False
2011-07-07,23598.18,0.9117062057346957,65,7,0,-0.09554177588031515,-1.0395509506806053,-1.0082177055299137,False,False,False,True,False,False
2011-07-08,14868.65,-0.5229076238052545,40,7,0,0.295704649055071,-0.024170633785666366,-0.7214345366075782,False,False,False,False,True,False
2011-07-10,5837.48,-1.585584534575588,20,7,1,-0.6748958038958087,-1.088368031465812,-0.858864683378215,False,False,False,False,False,True
2011-07-11,17915.61,-0.3635060871897044,43,7,0,-1.6790343649267456,-1.7204281598228897,-0.9877406287715523,True,False,False,False,False,False
2011-07-12,12292.0,-0.5760414693437711,40,7,0,-0.33611688267975093,-0.7355335793564423,-0.6931914010690238,False,True,False,False,False,False
2011-07-13,16201.37,0.061564677118429,49,7,0,-0.9613828950789404,-0.04778792574830324,-0.7419101742741616,False,False,True,False,False,False
2011-07-14,25356.74,0.6991708235806291,60,7,0,-0.526716161273961,-0.08302568713155001,-0.8423782081203586,False,False,False,True,False,False
2011-07-15,10246.45,-1.0011122336519045,32,7,0,0.4912316857387527,0.31586894578927494,-0.715800252447922,False,False,False,False,True,False
2011-07-17,16448.97,-0.20410455057415436,45,7,1,-1.1888191667377435,-0.6737051096326188,-1.0360396668747613,False,False,False,False,False,True
2011-07-18,20898.62,-0.4697737782667377,44,7,0,-0.49918653801238366,-1.6974728866039497,-0.9981359082302242,True,False,False,False,False,False
2011-07-19,39718.82,0.2741000592724957,55,7,0,-0.004448298327901275,-0.3283036316712286,-0.6368965291983947,False,True,False,False,False,False
2011-07-20,22072.95,-0.1509707050356377,45,7,0,2.0880921528334038,-0.9657925404453683,-0.11394952510039304,False,False,True,False,False,False
2011-07-21,27954.8,0.8585723601961791,59,7,0,0.12612061316146964,-0.5226288048210347,0.12064522033994972,False,False,False,True,False,False
2011-07-22,14058.960000000001,-0.8948445425748711,34,7,0,0.7800992665585174,0.5152182063912463,0.4025496282861004,False,False,False,False,True,False
2011-07-24,22446.85,0.061564677118429,53,7,1,-0.7649218970245105,-1.1976748077688386,0.13157392315101638,False,False,False,False,False,True
2011-07-25,17652.14,-0.1509707050356377,48,7,0,0.16769301274751056,-0.4945610238382715,0.42419884529767515,True,False,False,False,False,False
2011-07-26,16377.181,-0.4697737782667377,43,7,0,-0.3654110258167777,0.009848514327932972,0.45305671287408156,False,True,False,False,False,False
2011-07-27,19893.08,-0.5760414693437711,38,7,0,-0.5071684609700792,2.1432946033901303,0.3446106180439235,False,False,True,False,False,False
2011-07-28,27822.81,1.0179738968117291,65,7,0,-0.11625014555910672,0.14296982790421875,-0.13090703908206547,False,False,False,True,False,False
2011-07-29,16417.4,0.380367750349529,56,7,0,0.7654238425912494,0.8097326613996376,0.007002565099289107,False,False,False,False,True,False
2011-07-31,17017.94,-0.7354430059593211,36,7,1,-0.5026966761641122,-0.7654910611024632,-0.2697203929000279,False,False,False,False,False,True
2011-08-01,16584.61,-0.8417106970363545,34,8,0,-0.4359251093082656,0.18535489781316505,-0.19874966307694622,True,False,False,False,False,False
2011-08-02,17056.54,-0.7354430059593211,38,8,0,-0.48410528559234994,-0.3581704259181133,-0.3393546861585693,False,True,False,False,False,False
2011-08-03,24343.21,0.380367750349529,58,8,0,-0.4316333344379225,-0.5026989799326641,-0.3536400705419131,False,False,True,False,False,False
2011-08-04,37041.37,1.0711077423502458,73,8,0,0.37854146334656125,-0.1041388705242788,-0.16257595658310617,False,False,False,True,False,False
2011-08-05,18016.63,-0.20410455057415436,47,8,0,1.790397525201294,0.7947703576358458,0.24872342919099433,False,False,False,False,True,False
2011-08-07,7139.77,-1.3199153068830045,28,8,1,-0.32488488533772925,-0.49813977927294767,0.013523545657985131,False,False,False,False,False,True
2011-08-08,17099.08,-0.9479783881133879,36,8,0,-1.5342381085563108,-0.43006294085861596,-0.2089991385536398,True,False,False,False,False,False
2011-08-09,19440.86,-0.7885768514978377,37,8,0,-0.4269034872103477,-0.47918495835966896,-0.20705300677247043,False,True,False,False,False,False
2011-08-10,16496.61,-0.6291753148822877,41,8,0,-0.16653062306860011,-0.425687269025277,-0.13854624192202278,False,False,True,False,False,False
2011-08-11,30440.7,0.4866354414265624,57,8,0,-0.49388964280971187,0.40032508014140755,-0.15197608624332287,False,False,False,True,False,False
2011-08-12,15040.47,-0.5229076238052545,39,8,0,1.0564962393612447,1.8397805476861753,-0.005728624148634188,False,False,False,False,True,False
2011-08-14,5294.27,-1.5324506890370713,21,8,1,-0.6557918464289096,-0.31685206771776037,-0.5334171958066483,False,False,False,False,False,True
2011-08-15,16573.72,-0.3103722416511877,46,8,0,-1.7394316454272363,-1.5498461075407723,-0.8385612570277375,True,False,False,False,False,False
2011-08-16,15344.66,-0.3103722416511877,42,8,0,-0.48531609979799845,-0.4208649612586907,-0.6122892590370588,False,True,False,False,False,False
2011-08-17,24854.07,-0.3103722416511877,44,8,0,-0.6219702143613036,-0.155402246598694,-0.6543687823242086,False,False,True,False,False,False
2011-08-18,40223.02,0.5929031325035957,62,8,0,0.43534188071089663,-0.4891605832646898,-0.5245336822608073,False,False,False,True,False,False
2011-08-19,16484.89,0.008430831579912326,53,8,0,2.1441520722537883,1.0915327290290846,0.044541010295970754,False,False,False,False,True,False
2011-08-21,12144.08,-0.9479783881133879,34,8,1,-0.49519274129366064,-0.6542277020055656,-0.2901871801521765,False,False,False,False,False,True
2011-08-22,24475.53,0.4335015958880457,57,8,0,-0.9778295100743061,-1.7590508321114084,-0.35965669740213185,True,False,False,False,False,False
2011-08-23,20584.27,0.061564677118429,52,8,0,0.3932535786533945,-0.4804194419416652,0.10040319523866914,False,True,False,False,False,False
2011-08-24,26825.09,0.8054385146576625,57,8,0,-0.03939957891060247,-0.6197449140526304,0.19659568741230923,False,False,True,False,False,False
2011-08-25,20866.06,0.9648400512732125,68,8,0,0.654491468921859,0.458235849902532,0.4719522277683778,False,False,False,True,False,False
2011-08-26,18047.64,-0.6823091604208045,39,8,0,-0.008068510498324927,2.2004503997209426,0.3763003544060204,False,False,False,False,True,False
2011-08-28,10543.53,-0.8948445425748711,36,8,1,-0.32143701127738405,-0.49048915512704044,-0.15557309614253387,False,False,False,False,False,True
2011-08-30,8026.62,-1.6918522256526212,22,8,0,-1.1557880662589495,-0.982560659035717,-0.298075801582132,False,True,False,False,False,False
2011-08-31,17927.29,-0.9479783881133879,35,8,0,-1.4356329131220222,0.4153247924985934,-0.39683251545561016,False,False,True,False,False,False
2011-09-01,29782.56,1.0711077423502458,68,9,0,-0.334818231630901,-0.02578600486403622,-0.5538911545328242,False,False,False,True,False,False
2011-09-02,19341.99,0.2741000592724957,54,9,0,0.9833203659631247,0.6816694430876934,-0.3332714293490274,False,False,False,False,True,False
2011-09-04,16245.58,-0.257238396112671,45,9,1,-0.17752357077406106,0.006157533113075523,-0.5127525574198829,False,False,False,False,False,True
2011-09-05,29360.71,0.6460369780421125,57,9,0,-0.5218006336310115,-0.3133367935324799,-0.6235741370631894,True,False,False,False,False,False
2011-09-06,24137.47,0.16783236819546235,50,9,0,0.9364166035523958,-1.1639980049644796,-0.35223170337333454,False,True,False,False,False,False
2011-09-07,20377.32,-0.5229076238052545,40,9,0,0.35566608091587915,-1.4493133467792074,-0.026182915287176863,False,False,True,False,False,False
2011-09-08,21118.8,0.8054385146576625,60,9,0,-0.06240949625302357,-0.32697959418383493,0.2700469317634729,False,False,False,True,False,False
2011-09-09,23475.99,0.061564677118429,49,9,0,0.020032608173448162,1.0169263906769208,0.3465948617723478,False,False,False,False,True,False
2011-09-11,31920.87,1.0711077423502458,68,9,1,0.28211884668700915,-0.16661008789823264,0.19533264452845023,False,False,False,False,False,True
2011-09-12,26877.39,0.6460369780421125,61,9,0,1.2210702396160469,-0.517617186900001,0.49703535761098494,True,False,False,False,False,False
2011-09-13,35581.76,0.4335015958880457,60,9,0,0.6603064903135412,0.9691057387884768,0.7520378635557143,False,True,False,False,False,False
2011-09-14,21154.54,0.5397692869650791,57,9,0,1.6281095065872753,0.3770025225509647,0.9012488953186463,False,False,True,False,False,False
2011-09-15,39109.21,1.0711077423502458,66,9,0,0.02400639143422692,-0.0492457272969234,0.829703728027498,False,False,False,True,False,False
2011-09-16,22351.02,-0.4166399327282211,44,9,0,2.0203121300689033,0.03480798127779085,1.2789855427966677,False,False,False,False,True,False
2011-09-18,15031.94,-1.4261829979600378,25,9,1,0.1570380701095586,0.3020175638899058,1.3085401706422755,False,False,False,False,False,True
2011-09-19,38678.49,0.7523046691191457,62,9,0,-0.6567402619637287,1.2593238735252743,1.10601078850296,True,False,False,False,False,False
2011-09-20,30520.05,0.4335015958880457,53,9,0,1.9724221489250156,0.6875981383437454,1.2680913781882743,False,True,False,False,False,False
2011-09-21,33059.62,0.6991708235806291,65,9,0,1.0653188387384909,1.6743200719177946,1.3554600791248632,False,False,True,False,False,False
2011-09-22,51385.38,2.9307923361983295,92,9,0,1.3476831575850345,0.03885944530171654,1.294966896840432,False,False,False,True,False,False
2011-09-23,28592.95,0.220966213733979,56,9,0,3.385248863490061,2.0741895954543375,2.0200494516278247,False,False,False,False,True,False
2011-09-25,30525.441,1.1242415878887624,74,9,1,0.8510525342660119,0.1744916690103454,1.7678183965989707,False,False,False,False,False,True
2011-09-26,26507.351,0.5929031325035957,62,9,0,1.0659182418039317,-0.655194657465109,1.963880764121267,True,False,False,False,False,False
2011-09-27,26577.99,1.0179738968117291,66,9,0,0.6191633794004117,2.025363445919217,2.239116924450102,False,True,False,False,False,False
2011-09-28,32672.670000000002,1.2836431245043125,70,9,0,0.6270174385990168,1.1005277953496913,1.948888090113879,False,False,True,False,False,False
2011-09-29,42541.090000000004,2.558855417428713,92,9,0,1.3046597822980095,1.388411860577462,2.0005183858346216,False,False,False,True,False,False
2011-09-30,32298.03,0.6460369780421125,58,9,0,2.4018887192407226,3.465808540798312,2.227930144513508,False,False,False,False,True,False
2011-10-02,10973.41,-1.0542460791904211,32,10,1,1.2630051051626403,0.882072945867127,1.770122670353969,False,False,False,False,False,True
2011-10-03,44931.840000000004,0.3272339048110124,46,10,0,-1.1079914812521365,1.1011389157344977,1.3475204179065132,True,False,False,False,False,False
2011-10-04,31944.53,0.9117062057346957,63,10,0,2.667706355802177,0.6456507489775066,1.6930559237742466,False,True,False,False,False,False
2011-10-05,47506.0,1.8149815798894793,80,10,0,1.2237008974769874,0.6536583417918906,1.823465917018112,False,False,True,False,False,False
2011-10-06,44626.94,3.2495954094294293,98,10,0,2.953916594150408,1.3445474508388504,2.325421369047104,False,False,False,True,False,False
2011-10-07,33457.520000000004,1.549312352196896,74,10,0,2.633805781761567,2.4632253636252806,2.612142896871613,False,False,False,False,True,False
2011-10-09,11324.6,-0.8417106970363545,35,10,1,1.3919240182303565,1.3020784949932023,2.3942747151674286,False,False,False,False,False,True
2011-10-10,37904.73,1.8149815798894793,81,10,0,-1.0689441129434394,-1.115267077303453,1.8912298706624608,True,False,False,False,False,False
2011-10-11,35233.590000000004,1.2305092789657959,69,10,0,1.8863909643738122,2.7342392868261736,2.537173890391877,False,True,False,False,False,False
2011-10-12,26011.03,1.4961785066583793,73,10,0,1.589397919628538,1.2620059563122379,2.3045626931189314,False,False,True,False,False,False
2011-10-13,29386.89,1.0179738968117291,67,10,0,0.563979493508613,3.0260444527978603,2.1622485087022567,False,False,False,True,False,False
2011-10-14,29273.78,0.6460369780421125,58,10,0,0.939327449824561,2.6996760137177547,1.7276641382622098,False,False,False,False,True,False
2011-10-16,20788.73,-1.1073799247289378,31,10,1,0.9267512152239267,1.4335175554605053,1.359420699546659,False,False,False,False,False,True
2011-10-17,36475.83,1.4961785066583793,74,10,0,-0.01666651440308191,-1.075456398776245,1.0555615074347298,True,False,False,False,False,False
2011-10-18,33821.590000000004,1.0711077423502458,71,10,0,1.7275174640568978,1.9376504967543435,1.6588103124446252,False,True,False,False,False,False
2011-10-19,28635.95,0.9648400512732125,68,10,0,1.432403460640867,1.6348517386998278,1.5608767590681853,False,False,True,False,False,False
2011-10-20,47324.38,1.4961785066583793,74,10,0,0.8558335269972229,0.5893881111538151,1.4026332677603859,False,False,False,True,False,False
2011-10-21,29933.48,0.3272339048110124,55,10,0,2.9337230150843023,0.9720734871977206,1.9138310468852093,False,False,False,False,True,False
2011-10-23,11949.77,-0.6823091604208045,39,10,1,1.0001005385909,0.9592514084135512,1.9269409331345237,False,False,False,False,False,True
2011-10-24,30538.25,0.9117062057346957,60,10,0,-0.9994340379255059,-0.0026085472722117446,1.511426927239803,True,False,False,False,False,False
2011-10-25,29928.39,0.8054385146576625,62,10,0,1.0673424217084453,1.7756712873590672,1.7452678284370842,False,True,False,False,False,False
2011-10-26,25268.9,1.868115425427996,75,10,0,0.9995346024745777,1.4747883027238116,1.5882283772502437,False,False,True,False,False,False
2011-10-27,36657.02,2.3994538808131627,88,10,0,0.481465118261786,0.8869473989457167,1.3830932795981576,False,False,False,True,False,False
2011-10-28,29443.43,0.4866354414265624,58,10,0,1.7476632331956905,3.005456123306384,1.57547754439955,False,False,False,False,True,False
2011-10-30,33314.9,2.2400523441976126,88,10,1,0.945613899336716,1.0340345873890313,1.1466054089238025,False,False,False,False,False,True
2011-10-31,29271.55,0.4335015958880457,60,10,0,1.3760666883855817,-1.0045875189822466,1.2277083042588046,True,False,False,False,False,False
2011-11-01,27081.27,1.1242415878887624,73,11,0,0.9265032707171686,1.102590935955048,1.6431688239091078,False,True,False,False,False,False
2011-11-02,32884.35,1.1773754334272792,74,11,0,0.6829750670121293,1.033457588175775,1.560253632328295,False,False,True,False,False,False
2011-11-03,37234.01,2.2400523441976126,83,11,0,1.3281956088408633,0.5052607189860526,1.631151927865214,False,False,False,True,False,False
2011-11-04,44716.57,1.549312352196896,70,11,0,1.8118163726371188,1.7962108723197567,1.9181334516042896,False,False,False,False,True,False
2011-11-06,40729.85,2.3994538808131627,87,11,1,2.6437713719592053,0.9784828261991966,2.111440653932665,False,False,False,False,False,True
2011-11-07,26489.63,1.7618477343509626,78,11,0,2.2005044105319196,1.4173502415519361,2.3821438910244392,True,False,False,False,False,False
2011-11-08,36403.39,2.346320035274646,94,11,0,0.6171930544657657,0.958998617009708,2.218440725359386,False,True,False,False,False,False
