Fecha,Ventas,NumTransacc,NumPedidos,NumClientes,UnidadesVendidas,EsFinDeSemana,Trimestre,SemanaMes,DiaAnio,SemanaAnio,Ventas_Lag1,Ventas_Lag7,Ventas_Media_7d,Ventas_Media_30d,Es_Navidad,Dias_para_Navidad,DiaSemana_sin,DiaSemana_cos,Mes_sin,Mes_cos,Prod_20724,Prod_20725,Prod_21212,Prod_21977,Prod_22086,Prod_22178,Prod_22197,Prod_22492,Prod_22834,Prod_23084,Prod_23203,Prod_23307,Prod_47566,Prod_71459,Prod_84077,Prod_84755,Prod_84879,Prod_85099B,Prod_85123A,Prod_Otros,Prod_Sin_Actividad
2010-12-08,40935.64,2519.0,116.0,99.0,21010.0,0,4,2,342,49,57696.38,51118.57,,,0,17,0.9749279121818236,-0.22252093395631434,-0.5000000000000004,0.8660254037844384,0,0,0,0,0,0,0,0,0,0,0,0,0,0,1,0,0,0,0,0,0
2010-12-09,43420.95,2747.0,106.0,90.0,16325.0,0,4,2,343,49,40935.64,40795.79,40935.64,40935.64,0,16,0.43388373911755823,-0.900968867902419,-0.5000000000000004,0.8660254037844384,0,0,0,0,0,0,1,0,0,0,0,0,0,0,0,0,0,0,0,0,0
2010-12-10,50741.62,2653.0,76.0,53.0,19558.0,0,4,2,344,49,43420.95,41801.33,42178.295,42178.295,0,15,-0.433883739117558,-0.9009688679024191,-0.5000000000000004,0.8660254037844384,0,0,1,0,0,0,0,0,0,0,0,0,0,0,0,0,0,0,0,0,0
2010-12-11,0.0,0.0,0.0,0.0,0.0,1,4,2,345,49,50741.62,0.0,45032.736666666664,45032.736666666664,0,14,-0.9749279121818236,-0.2225209339563146,-0.5000000000000004,0.8660254037844384,0,0,0,0,0,0,0,0,0,0,0,0,0,0,0,0,0,0,0,0,1
2010-12-12,16751.7,1383.0,44.0,42.0,8889.0,1,4,2,346,49,0.0,29650.64,33774.5525,33774.5525,0,13,-0.7818314824680299,0.6234898018587334,-0.5000000000000004,0.8660254037844384,0,0,0,0,0,0,0,0,1,0,0,0,0,0,0,0,0,0,0,0,0
2010-12-13,34693.15,2252.0,70.0,59.0,16461.0,0,4,2,347,50,16751.7,47492.93,30369.982,30369.982,0,12,0.0,1.0,-0.5000000000000004,0.8660254037844384,0,0,0,0,0,0,0,0,0,0,0,0,0,0,0,0,0,0,1,0,0
2010-12-14,40153.95,1972.0,89.0,72.0,19095.0,0,4,2,348,50,34693.15,57696.38,31090.51,31090.51,0,11,0.7818314824680298,0.6234898018587336,-0.5000000000000004,0.8660254037844384,0,0,0,0,0,0,0,0,1,0,0,0,0,0,0,0,0,0,0,0,0
2010-12-15,26630.96,1293.0,73.0,66.0,16088.0,0,4,3,349,50,40153.95,40935.64,32385.287142857145,32385.287142857145,0,10,0.9749279121818236,-0.22252093395631434,-0.5000000000000004,0.8660254037844384,0,0,0,0,0,0,1,0,0,0,0,0,0,0,0,0,0,0,0,0,0
2010-12-16,38464.87,1729.0,121.0,98.0,23668.0,0,4,3,350,50,26630.96,43420.95,30341.761428571426,31665.99625,0,9,0.43388373911755823,-0.900968867902419,-0.5000000000000004,0.8660254037844384,0,0,0,0,0,0,0,0,1,0,0,0,0,0,0,0,0,0,0,0,0
2010-12-17,38388.04,3081.0,66.0,51.0,14416.0,0,4,3,351,50,38464.87,50741.62,29633.75,32421.426666666663,0,8,-0.433883739117558,-0.9009688679024191,-0.5000000000000004,0.8660254037844384,0,0,0,0,0,0,0,0,1,0,0,0,0,0,0,0,0,0,0,0,0
2010-12-18,0.0,0.0,0.0,0.0,0.0,1,4,3,352,50,38388.04,0.0,27868.95285714286,33018.088,0,7,-0.9749279121818236,-0.2225209339563146,-0.5000000000000004,0.8660254037844384,0,0,0,0,0,0,0,0,0,0,0,0,0,0,0,0,0,0,0,0,1
2010-12-19,7034.15,496.0,23.0,17.0,3613.0,1,4,3,353,50,0.0,16751.7,27868.95285714286,30016.443636363638,0,6,-0.7818314824680299,0.6234898018587334,-0.5000000000000004,0.8660254037844384,0,0,0,0,0,0,0,0,0,0,0,0,0,0,0,0,0,0,0,1,0
2010-12-20,21706.32,1658.0,61.0,41.0,11616.0,0,4,3,354,51,7034.15,34693.15,26480.731428571427,28101.2525,1,5,0.0,1.0,-0.5000000000000004,0.8660254037844384,0,0,0,0,0,0,1,0,0,0,0,0,0,0,0,0,0,0,0,0,0
2010-12-21,36287.29,1535.0,54.0,23.0,11551.0,0,4,3,355,51,21706.32,40153.95,24625.47,27609.334615384614,1,4,0.7818314824680298,0.6234898018587336,-0.5000000000000004,0.8660254037844384,0,0,0,0,0,0,0,0,0,0,0,0,0,0,0,0,0,0,0,1,0
2010-12-22,4394.97,220.0,16.0,13.0,2756.0,0,4,4,356,51,36287.29,26630.96,24073.09,28229.18857142857,1,3,0.9749279121818236,-0.22252093395631434,-0.5000000000000004,0.8660254037844384,0,0,0,0,0,0,0,0,0,0,0,0,0,0,0,0,0,0,0,1,0
2010-12-23,10828.34,937.0,27.0,15.0,5724.0,0,4,4,357,51,4394.97,38464.87,20896.519999999997,26640.240666666665,1,2,0.43388373911755823,-0.900968867902419,-0.5000000000000004,0.8660254037844384,0,0,0,0,0,0,0,0,0,0,0,0,0,0,0,0,0,0,0,1,0
2010-12-24,0.0,0.0,0.0,0.0,0.0,0,4,4,358,51,10828.34,38388.04,16948.444285714286,25651.996875,1,1,-0.433883739117558,-0.9009688679024191,-0.5000000000000004,0.8660254037844384,0,0,0,0,0,0,0,0,0,0,0,0,0,0,0,0,0,0,0,0,1
2010-12-25,0.0,0.0,0.0,0.0,0.0,1,4,4,359,51,0.0,0.0,11464.438571428573,24143.055882352943,1,0,-0.9749279121818236,-0.2225209339563146,-0.5000000000000004,0.8660254037844384,0,0,0,0,0,0,0,0,0,0,0,0,0,0,0,0,0,0,0,0,1
2010-12-26,0.0,0.0,0.0,0.0,0.0,1,4,4,360,51,0.0,7034.15,11464.438571428573,22801.775,0,0,-0.7818314824680299,0.6234898018587334,-0.5000000000000004,0.8660254037844384,0,0,0,0,0,0,0,0,0,0,0,0,0,0,0,0,0,0,0,0,1
2010-12-27,0.0,0.0,0.0,0.0,0.0,0,4,4,361,52,0.0,21706.32,10459.56,21601.68157894737,0,0,0.0,1.0,-0.5000000000000004,0.8660254037844384,0,0,0,0,0,0,0,0,0,0,0,0,0,0,0,0,0,0,0,0,1
2010-12-28,0.0,0.0,0.0,0.0,0.0,0,4,4,362,52,0.0,36287.29,7358.657142857143,20521.5975,0,0,0.7818314824680298,0.6234898018587336,-0.5000000000000004,0.8660254037844384,0,0,0,0,0,0,0,0,0,0,0,0,0,0,0,0,0,0,0,0,1
2010-12-29,0.0,0.0,0.0,0.0,0.0,0,4,5,363,52,0.0,4394.97,2174.7585714285715,19544.378571428573,0,0,0.9749279121818236,-0.22252093395631434,-0.5000000000000004,0.8660254037844384,0,0,0,0,0,0,0,0,0,0,0,0,0,0,0,0,0,0,0,0,1
2010-12-30,0.0,0.0,0.0,0.0,0.0,0,4,5,364,52,0.0,10828.34,1546.9057142857143,18655.997727272726,0,0,0.43388373911755823,-0.900968867902419,-0.5000000000000004,0.8660254037844384,0,0,0,0,0,0,0,0,0,0,0,0,0,0,0,0,0,0,0,0,1
2010-12-31,0.0,0.0,0.0,0.0,0.0,0,4,5,365,52,0.0,0.0,0.0,17844.86739130435,0,0,-0.433883739117558,-0.9009688679024191,-0.5000000000000004,0.8660254037844384,0,0,0,0,0,0,0,0,0,0,0,0,0,0,0,0,0,0,0,0,1
2011-01-01,0.0,0.0,0.0,0.0,0.0,1,1,1,1,52,0.0,0.0,0.0,17101.33125,0,0,-0.9749279121818236,-0.2225209339563146,0.0,1.0,0,0,0,0,0,0,0,0,0,0,0,0,0,0,0,0,0,0,0,0,1
2011-01-02,0.0,0.0,0.0,0.0,0.0,1,1,1,2,52,0.0,0.0,0.0,16417.278000000002,0,0,-0.7818314824680299,0.6234898018587334,0.0,1.0,0,0,0,0,0,0,0,0,0,0,0,0,0,0,0,0,0,0,0,0,1
2011-01-03,0.0,0.0,0.0,0.0,0.0,0,1,1,3,1,0.0,0.0,0.0,15785.844230769231,0,0,0.0,1.0,0.0,1.0,0,0,0,0,0,0,0,0,0,0,0,0,0,0,0,0,0,0,0,0,1
2011-01-04,14296.86,1143.0,36.0,34.0,8373.0,0,1,1,4,1,0.0,0.0,0.0,15201.183333333334,0,0,0.7818314824680298,0.6234898018587336,0.0,1.0,0,0,0,0,0,0,0,0,0,0,0,0,0,0,0,0,0,0,0,1,0
2011-01-05,27094.44,1655.0,55.0,45.0,17077.0,0,1,1,5,1,14296.86,0.0,2042.4085714285716,15168.886071428571,0,0,0.9749279121818236,-0.22252093395631434,0.0,1.0,0,0,0,0,0,0,0,0,0,0,0,0,0,0,0,0,0,1,0,0,0
2011-01-06,35915.71,1758.0,50.0,45.0,20234.0,0,1,1,6,1,27094.44,0.0,5913.042857142857,15580.112068965518,0,0,0.43388373911755823,-0.900968867902419,0.0,1.0,0,0,0,0,0,0,0,0,0,0,0,0,0,0,0,0,0,1,0,0,0
2011-01-07,23587.58,1757.0,53.0,45.0,15377.0,0,1,1,7,1,35915.71,0.0,11043.858571428571,16257.965333333334,0,0,-0.433883739117558,-0.9009688679024191,0.0,1.0,0,0,0,0,0,0,0,0,0,0,0,0,0,0,0,0,0,0,0,1,0
2011-01-08,0.0,0.0,0.0,0.0,0.0,1,1,2,8,1,23587.58,0.0,14413.512857142856,15679.696666666665,0,0,-0.9749279121818236,-0.2225209339563146,0.0,1.0,0,0,0,0,0,0,0,0,0,0,0,0,0,0,0,0,0,0,0,0,1
2011-01-09,14834.97,1071.0,48.0,48.0,7983.0,1,1,2,9,1,0.0,0.0,14413.512857142856,14232.331666666665,0,0,-0.7818314824680299,0.6234898018587334,0.0,1.0,0,0,0,0,0,0,0,0,0,0,0,0,0,0,0,0,0,0,0,1,0
2011-01-10,22213.3,1942.0,39.0,32.0,12466.0,0,1,2,10,2,14834.97,0.0,16532.794285714284,13035.443333333333,0,0,0.0,1.0,0.0,1.0,0,0,0,0,0,0,0,0,0,0,0,0,0,1,0,0,0,0,0,0,0
2011-01-11,29535.12,1381.0,58.0,47.0,13732.0,0,1,2,11,2,22213.3,14296.86,19706.122857142855,13775.886666666665,0,0,0.7818314824680298,0.6234898018587336,0.0,1.0,0,0,0,0,0,0,0,0,0,0,0,0,0,0,0,0,0,0,1,0,0
2011-01-12,22118.97,1765.0,45.0,42.0,10524.0,0,1,2,12,2,29535.12,27094.44,21883.01714285714,14202.000666666667,0,0,0.9749279121818236,-0.22252093395631434,0.0,1.0,0,0,1,0,0,0,0,0,0,0,0,0,0,0,0,0,0,0,0,0,0
2011-01-13,18478.56,1426.0,44.0,41.0,9660.0,0,1,2,13,2,22118.97,35915.71,21172.235714285714,13782.861333333334,0,0,0.43388373911755823,-0.900968867902419,0.0,1.0,0,0,0,0,0,0,0,0,0,0,0,0,0,0,0,0,0,0,0,1,0
2011-01-14,38184.77,1476.0,47.0,37.0,18539.0,0,1,2,14,2,18478.56,23587.58,18681.214285714286,13060.348333333333,0,0,-0.433883739117558,-0.9009688679024191,0.0,1.0,0,1,0,0,0,0,0,0,0,0,0,0,0,0,0,0,0,0,0,0,0
2011-01-15,0.0,0.0,0.0,0.0,0.0,1,1,3,15,2,38184.77,0.0,20766.527142857143,13445.475333333334,0,0,-0.9749279121818236,-0.2225209339563146,0.0,1.0,0,0,0,0,0,0,0,0,0,0,0,0,0,0,0,0,0,0,0,0,1
2011-01-16,6051.32,603.0,25.0,22.0,3396.0,1,1,3,16,2,0.0,14834.97,20766.527142857143,12163.313,0,0,-0.7818314824680299,0.6234898018587334,0.0,1.0,0,0,0,0,0,0,1,0,0,0,0,0,0,0,0,0,0,0,0,0,0
2011-01-17,26806.7,2534.0,51.0,45.0,12894.0,0,1,3,17,3,6051.32,22213.3,19511.719999999998,11085.422333333332,0,0,0.0,1.0,0.0,1.0,0,0,0,0,0,0,0,0,0,0,0,0,0,0,0,0,0,0,1,0,0
2011-01-18,16361.15,1408.0,40.0,30.0,8038.0,0,1,3,18,3,26806.7,29535.12,20167.920000000002,11978.979,0,0,0.7818314824680298,0.6234898018587336,0.0,1.0,0,0,0,0,0,0,0,0,0,0,0,0,0,1,0,0,0,0,0,0,0
2011-01-19,20842.28,1389.0,35.0,33.0,13475.0,0,1,3,19,3,16361.15,22118.97,18285.924285714285,12289.879000000003,0,0,0.9749279121818236,-0.22252093395631434,0.0,1.0,0,0,0,0,0,0,0,0,0,0,0,0,0,0,0,0,0,0,0,1,0
2011-01-20,19344.05,1465.0,38.0,30.0,9831.0,0,1,3,20,3,20842.28,18478.56,18103.54,12261.077666666668,0,0,0.43388373911755823,-0.900968867902419,0.0,1.0,0,0,0,0,0,0,0,0,0,0,0,0,0,0,0,0,0,0,0,1,0
2011-01-21,29959.23,1523.0,38.0,31.0,14501.0,0,1,3,21,3,19344.05,38184.77,18227.181428571428,11696.302999999998,0,0,-0.433883739117558,-0.9009688679024191,0.0,1.0,0,0,0,0,0,0,0,0,0,0,0,0,0,0,0,0,0,0,0,1,0
2011-01-22,0.0,0.0,0.0,0.0,0.0,1,1,4,22,3,29959.23,0.0,17052.104285714286,12548.445,0,0,-0.9749279121818236,-0.2225209339563146,0.0,1.0,0,0,0,0,0,0,0,0,0,0,0,0,0,0,0,0,0,0,0,0,1
2011-01-23,9892.79,841.0,27.0,27.0,5042.0,1,1,4,23,3,0.0,6051.32,17052.104285714286,12187.500333333333,0,0,-0.7818314824680299,0.6234898018587334,0.0,1.0,0,0,0,0,0,0,0,0,0,0,0,0,0,0,0,0,0,0,0,1,0
2011-01-24,23758.66,1451.0,52.0,42.0,11538.0,0,1,4,24,4,9892.79,26806.7,17600.885714285712,12517.26,0,0,0.0,1.0,0.0,1.0,0,0,0,0,0,0,0,0,0,0,0,0,0,0,0,0,0,0,0,1,0
2011-01-25,26220.19,1571.0,66.0,56.0,15123.0,0,1,4,25,4,23758.66,16361.15,17165.45142857143,13309.215333333332,0,0,0.7818314824680298,0.6234898018587336,0.0,1.0,0,0,0,0,0,0,0,0,0,0,0,0,0,0,0,0,0,1,0,0,0
2011-01-26,17748.27,1236.0,56.0,49.0,9134.0,0,1,4,26,4,26220.19,20842.28,18573.885714285712,14183.221666666666,0,0,0.9749279121818236,-0.22252093395631434,0.0,1.0,0,0,0,0,0,0,0,0,0,0,0,0,0,0,0,0,0,0,0,1,0
2011-01-27,22091.53,1464.0,52.0,50.0,11214.0,0,1,4,27,4,17748.27,19344.05,18131.884285714284,14774.830666666667,0,0,0.43388373911755823,-0.900968867902419,0.0,1.0,0,0,0,0,0,0,0,0,0,0,0,0,0,0,1,0,0,0,0,0,0
2011-01-28,17214.3,887.0,40.0,36.0,8575.0,0,1,4,28,4,22091.53,29959.23,18524.38142857143,15511.214999999998,0,0,-0.433883739117558,-0.9009688679024191,0.0,1.0,0,0,0,0,0,0,0,1,0,0,0,0,0,0,0,0,0,0,0,0,0
2011-01-29,0.0,0.0,0.0,0.0,0.0,1,1,5,29,4,17214.3,0.0,16703.677142857145,16085.025,0,0,-0.9749279121818236,-0.2225209339563146,0.0,1.0,0,0,0,0,0,0,0,0,0,0,0,0,0,0,0,0,0,0,0,0,1
2011-01-30,6360.62,697.0,24.0,22.0,3383.0,1,1,5,30,4,0.0,9892.79,16703.67714285714,16085.025,0,0,-0.7818314824680299,0.6234898018587334,0.0,1.0,0,0,0,0,0,0,0,0,0,0,0,0,0,0,0,0,0,0,1,0,0
2011-01-31,20799.71,1457.0,62.0,50.0,11839.0,0,1,5,31,5,6360.62,23758.66,16199.081428571428,16297.045666666667,0,0,0.0,1.0,0.0,1.0,0,0,0,0,0,0,0,0,0,0,0,0,0,0,0,0,1,0,0,0,0
2011-02-01,27320.08,1511.0,63.0,57.0,15076.0,0,1,1,32,5,20799.71,26220.19,15776.374285714284,16990.369333333332,0,0,0.7818314824680298,0.6234898018587336,0.49999999999999994,0.8660254037844387,0,0,0,0,0,0,0,0,0,0,0,0,0,0,0,0,0,1,0,0,0
2011-02-02,19792.27,1367.0,62.0,54.0,9635.0,0,1,1,33,5,27320.08,17748.27,15933.501428571428,17901.038666666667,0,0,0.9749279121818236,-0.22252093395631434,0.49999999999999994,0.8660254037844387,0,0,0,0,0,0,0,0,0,0,0,0,0,0,0,0,0,1,0,0,0
2011-02-03,18542.59,966.0,45.0,43.0,9428.0,0,1,1,34,5,19792.27,22091.53,16225.50142857143,18560.781,0,0,0.43388373911755823,-0.900968867902419,0.49999999999999994,0.8660254037844387,0,0,0,0,0,0,0,0,0,0,0,0,0,0,1,0,0,0,0,0,0
2011-02-04,21373.170000000002,1186.0,52.0,41.0,9376.0,0,1,1,35,5,18542.59,17214.3,15718.51,18702.305333333334,0,0,-0.433883739117558,-0.9009688679024191,0.49999999999999994,0.8660254037844387,0,0,0,0,0,0,0,1,0,0,0,0,0,0,0,0,0,0,0,0,0
2011-02-05,0.0,0.0,0.0,0.0,0.0,1,1,1,36,5,21373.170000000002,0.0,16312.634285714286,18511.59633333333,0,0,-0.9749279121818236,-0.2225209339563146,0.49999999999999994,0.8660254037844387,0,0,0,0,0,0,0,0,0,0,0,0,0,0,0,0,0,0,0,0,1
2011-02-06,3415.15,273.0,11.0,11.0,1992.0,1,1,1,37,5,0.0,6360.62,16312.634285714286,17314.406,0,0,-0.7818314824680299,0.6234898018587334,0.49999999999999994,0.8660254037844387,1,0,0,0,0,0,0,0,0,0,0,0,0,0,0,0,0,0,0,0,0
2011-02-07,16315.69,1216.0,42.0,35.0,7274.0,0,1,1,38,6,3415.15,20799.71,15891.852857142858,16641.991666666665,0,0,0.0,1.0,0.49999999999999994,0.8660254037844387,0,0,0,0,0,0,0,0,0,0,0,0,0,0,0,0,0,0,0,1,0
2011-02-08,18678.58,1188.0,45.0,37.0,9328.0,0,1,2,39,6,16315.69,27320.08,15251.278571428571,17185.848,0,0,0.7818314824680298,0.6234898018587336,0.49999999999999994,0.8660254037844387,0,0,0,0,0,0,0,0,0,0,0,0,0,0,0,0,0,0,0,1,0
2011-02-09,15355.8,866.0,29.0,22.0,7064.0,0,1,2,40,6,18678.58,19792.27,14016.778571428571,17313.968333333334,0,0,0.9749279121818236,-0.22252093395631434,0.49999999999999994,0.8660254037844387,0,1,0,0,0,0,0,0,0,0,0,0,0,0,0,0,0,0,0,0,0
2011-02-10,11783.4,709.0,41.0,39.0,7152.0,0,1,2,41,6,15355.8,18542.59,13382.997142857143,17085.385,0,0,0.43388373911755823,-0.900968867902419,0.49999999999999994,0.8660254037844387,0,0,0,0,0,0,0,0,0,0,0,0,0,0,0,0,0,0,0,1,0
2011-02-11,17874.08,862.0,45.0,34.0,7871.0,0,1,2,42,6,11783.4,21373.170000000002,12417.39857142857,16493.661,0,0,-0.433883739117558,-0.9009688679024191,0.49999999999999994,0.8660254037844387,0,0,0,0,0,0,0,0,0,0,0,0,0,0,0,0,0,0,1,0,0
2011-02-12,0.0,0.0,0.0,0.0,0.0,1,1,2,43,6,17874.08,0.0,11917.528571428573,16352.164666666666,0,0,-0.9749279121818236,-0.2225209339563146,0.49999999999999994,0.8660254037844387,0,0,0,0,0,0,0,0,0,0,0,0,0,0,0,0,0,0,0,0,1
2011-02-13,5448.45,595.0,20.0,20.0,2679.0,1,1,2,44,6,0.0,3415.15,11917.528571428573,15736.212666666666,0,0,-0.7818314824680299,0.6234898018587334,0.49999999999999994,0.8660254037844387,0,0,0,0,0,0,0,0,0,0,0,0,0,0,0,0,0,0,0,1,0
2011-02-14,22015.95,1077.0,42.0,36.0,10881.0,0,1,2,45,7,5448.45,16315.69,12208.000000000002,14645.002,0,0,0.0,1.0,0.49999999999999994,0.8660254037844387,0,0,0,0,0,0,0,0,0,0,0,0,0,0,0,0,1,0,0,0,0
2011-02-15,34267.47,1299.0,58.0,47.0,16370.0,0,1,3,46,7,22015.95,18678.58,13022.322857142859,15378.867,0,0,0.7818314824680298,0.6234898018587336,0.49999999999999994,0.8660254037844387,0,0,0,0,0,0,0,0,0,0,0,0,0,0,0,0,0,0,0,1,0
2011-02-16,23114.91,1174.0,63.0,56.0,12296.0,0,1,3,47,7,34267.47,15355.8,15249.307142857144,16319.405333333334,0,0,0.9749279121818236,-0.22252093395631434,0.49999999999999994,0.8660254037844387,0,0,0,0,0,0,0,0,0,0,0,0,0,0,0,0,0,0,1,0,0
2011-02-17,24061.34,1693.0,67.0,49.0,13142.0,0,1,3,48,7,23114.91,11783.4,16357.75142857143,16196.345666666666,0,0,0.43388373911755823,-0.900968867902419,0.49999999999999994,0.8660254037844387,0,0,0,0,0,0,1,0,0,0,0,0,0,0,0,0,0,0,0,0,0
2011-02-18,15228.36,806.0,38.0,33.0,8527.0,0,1,3,49,7,24061.34,17874.08,18111.742857142857,16453.018666666667,0,0,-0.433883739117558,-0.9009688679024191,0.49999999999999994,0.8660254037844387,0,0,0,0,0,0,0,0,0,0,0,0,0,0,0,0,0,1,0,0,0
2011-02-19,0.0,0.0,0.0,0.0,0.0,1,1,3,50,7,15228.36,0.0,17733.782857142858,16265.888,0,0,-0.9749279121818236,-0.2225209339563146,0.49999999999999994,0.8660254037844387,0,0,0,0,0,0,0,0,0,0,0,0,0,0,0,0,0,0,0,0,1
2011-02-20,9286.16,822.0,26.0,26.0,4928.0,1,1,3,51,7,0.0,5448.45,17733.782857142858,15621.086333333335,0,0,-0.7818314824680299,0.6234898018587334,0.49999999999999994,0.8660254037844387,0,0,0,0,0,0,0,0,0,0,0,0,0,0,0,0,0,0,0,1,0
2011-02-21,30647.6,1354.0,37.0,31.0,17967.0,0,1,3,52,8,9286.16,22015.95,18282.027142857143,14931.983999999999,0,0,0.0,1.0,0.49999999999999994,0.8660254037844387,0,0,0,0,0,0,0,0,0,0,0,0,0,0,0,0,0,0,0,1,0
2011-02-22,28040.4,1560.0,52.0,47.0,16656.0,0,1,4,53,8,30647.6,34267.47,19515.12,15953.570666666668,0,0,0.7818314824680298,0.6234898018587336,0.49999999999999994,0.8660254037844387,0,0,0,0,0,0,0,0,0,0,0,0,0,0,0,0,0,1,0,0,0
2011-02-23,24384.7,1559.0,63.0,49.0,11646.0,0,1,4,54,8,28040.4,23114.91,18625.538571428573,16558.490999999998,0,0,0.9749279121818236,-0.22252093395631434,0.49999999999999994,0.8660254037844387,0,0,0,0,0,0,1,0,0,0,0,0,0,0,0,0,0,0,0,0,0
2011-02-24,21770.58,1263.0,55.0,52.0,11433.0,0,1,4,55,8,24384.7,24061.34,18806.937142857143,16579.359,0,0,0.43388373911755823,-0.900968867902419,0.49999999999999994,0.8660254037844387,0,0,0,0,0,0,0,0,0,0,0,0,0,0,0,0,0,1,0,0,0
2011-02-25,16634.28,962.0,49.0,42.0,9997.0,0,1,4,56,8,21770.58,15228.36,18479.685714285715,16431.038666666667,0,0,-0.433883739117558,-0.9009688679024191,0.49999999999999994,0.8660254037844387,0,1,0,0,0,0,0,0,0,0,0,0,0,0,0,0,0,0,0,0,0
2011-02-26,0.0,0.0,0.0,0.0,0.0,1,1,4,57,8,16634.28,0.0,18680.53142857143,16393.905666666666,0,0,-0.9749279121818236,-0.2225209339563146,0.49999999999999994,0.8660254037844387,0,0,0,0,0,0,0,0,0,0,0,0,0,0,0,0,0,0,0,0,1
2011-02-27,9262.14,783.0,33.0,31.0,4778.0,1,1,4,58,8,0.0,9286.16,18680.53142857143,15657.521333333334,0,0,-0.7818314824680299,0.6234898018587334,0.49999999999999994,0.8660254037844387,0,0,0,0,0,0,0,0,0,0,0,0,0,0,0,0,0,0,0,1,0
2011-02-28,19396.45,1647.0,55.0,49.0,9666.0,0,1,4,59,9,9262.14,30647.6,18677.1,15392.449333333332,0,0,0.0,1.0,0.49999999999999994,0.8660254037844387,0,0,0,1,0,0,0,0,0,0,0,0,0,0,0,0,0,0,0,0,0
2011-03-01,23729.53,1337.0,60.0,52.0,11848.0,0,1,1,60,9,19396.45,28040.4,17069.792857142857,16038.997666666666,0,0,0.7818314824680298,0.6234898018587336,0.8660254037844386,0.5000000000000001,0,0,0,0,0,0,0,0,0,0,0,0,0,0,0,0,0,1,0,0,0
2011-03-02,16931.53,886.0,43.0,40.0,7924.0,0,1,1,61,9,23729.53,24384.7,16453.954285714284,16617.961333333333,0,0,0.9749279121818236,-0.22252093395631434,0.8660254037844386,0.5000000000000001,0,0,0,0,0,0,0,0,0,0,0,0,0,0,0,0,0,0,0,1,0
2011-03-03,30612.76,1325.0,49.0,46.0,15773.0,0,1,1,62,9,16931.53,21770.58,15389.215714285714,16489.022,0,0,0.43388373911755823,-0.900968867902419,0.8660254037844386,0.5000000000000001,0,0,0,0,0,0,0,0,0,0,0,0,0,0,0,0,0,0,0,1,0
2011-03-04,17011.77,1082.0,49.0,38.0,10188.0,0,1,1,63,9,30612.76,16634.28,16652.384285714284,16598.778000000002,0,0,-0.433883739117558,-0.9009688679024191,0.8660254037844386,0.5000000000000001,0,0,0,0,0,0,0,0,0,0,0,0,0,0,1,0,0,0,0,0,0
2011-03-05,0.0,0.0,0.0,0.0,0.0,1,1,1,64,9,17011.77,0.0,16706.31142857143,16506.094666666664,0,0,-0.9749279121818236,-0.2225209339563146,0.8660254037844386,0.5000000000000001,0,0,0,0,0,0,0,0,0,0,0,0,0,0,0,0,0,0,0,0,1
2011-03-06,9333.16,813.0,27.0,24.0,4943.0,1,1,1,65,9,0.0,9262.14,16706.31142857143,15888.008333333333,0,0,-0.7818314824680299,0.6234898018587334,0.8660254037844386,0.5000000000000001,0,0,0,0,0,0,0,0,0,0,0,0,0,0,0,0,0,0,0,1,0
2011-03-07,26241.03,1882.0,67.0,48.0,11402.0,0,1,1,66,10,9333.16,19396.45,16716.457142857143,15486.674666666666,0,0,0.0,1.0,0.8660254037844386,0.5000000000000001,0,0,0,0,0,0,0,0,0,0,0,0,0,0,0,0,0,0,0,1,0
2011-03-08,24000.09,1566.0,48.0,41.0,13055.0,0,1,2,67,10,26241.03,23729.53,17694.254285714287,16361.375666666665,0,0,0.7818314824680298,0.6234898018587336,0.8660254037844386,0.5000000000000001,0,0,0,0,0,0,0,0,0,0,0,0,0,0,0,0,0,0,0,1,0
2011-03-09,19522.37,1228.0,53.0,47.0,10349.0,0,1,2,68,10,24000.09,16931.53,17732.905714285713,17047.540333333334,0,0,0.9749279121818236,-0.22252093395631434,0.8660254037844386,0.5000000000000001,0,0,0,0,0,0,0,0,0,0,0,0,0,0,0,0,0,0,0,1,0
2011-03-10,23628.33,1074.0,56.0,46.0,13305.0,0,1,2,69,10,19522.37,30612.76,18103.02571428571,17154.429666666667,0,0,0.43388373911755823,-0.900968867902419,0.8660254037844386,0.5000000000000001,0,0,0,1,0,0,0,0,0,0,0,0,0,0,0,0,0,0,0,0,0
2011-03-11,20307.54,933.0,50.0,40.0,9484.0,0,1,2,70,10,23628.33,17011.77,17105.25,17319.421333333335,0,0,-0.433883739117558,-0.9009688679024191,0.8660254037844386,0.5000000000000001,0,0,0,0,0,0,1,0,0,0,0,0,0,0,0,0,0,0,0,0,0
2011-03-12,0.0,0.0,0.0,0.0,0.0,1,1,2,71,10,20307.54,0.0,17576.074285714287,17484.479333333333,0,0,-0.9749279121818236,-0.2225209339563146,0.8660254037844386,0.5000000000000001,0,0,0,0,0,0,0,0,0,0,0,0,0,0,0,0,0,0,0,0,1
2011-03-13,4056.72,519.0,16.0,16.0,2706.0,1,1,2,72,10,0.0,9333.16,17576.074285714287,17091.699333333334,0,0,-0.7818314824680299,0.6234898018587334,0.8660254037844386,0.5000000000000001,0,0,0,0,0,0,0,0,0,0,0,0,0,0,0,0,0,0,0,1,0
2011-03-14,22607.21,1068.0,50.0,41.0,13018.0,0,1,2,73,11,4056.72,26241.03,16822.297142857144,16631.12066666667,0,0,0.0,1.0,0.8660254037844386,0.5000000000000001,0,0,0,0,0,0,1,0,0,0,0,0,0,0,0,0,0,0,0,0,0
2011-03-15,19103.23,1261.0,51.0,40.0,8765.0,0,1,3,74,11,22607.21,24000.09,16303.180000000002,17384.694333333333,0,0,0.7818314824680298,0.6234898018587336,0.8660254037844386,0.5000000000000001,0,0,0,0,0,0,0,0,0,0,0,0,0,0,0,0,1,0,0,0,0
2011-03-16,19450.63,847.0,52.0,46.0,10837.0,0,1,3,75,11,19103.23,19522.37,15603.628571428573,17839.853666666666,0,0,0.9749279121818236,-0.22252093395631434,0.8660254037844386,0.5000000000000001,0,0,0,0,0,0,0,0,0,0,0,0,0,0,0,0,0,0,0,1,0
2011-03-17,27815.37,1999.0,62.0,51.0,14220.0,0,1,3,76,11,19450.63,23628.33,15593.380000000001,17754.343,0,0,0.43388373911755823,-0.900968867902419,0.8660254037844386,0.5000000000000001,0,0,0,0,0,1,0,0,0,0,0,0,0,0,0,0,0,0,0,0,0
2011-03-18,24051.4,1279.0,63.0,48.0,11437.0,0,1,3,77,11,27815.37,20307.54,16191.528571428573,17539.272999999997,0,0,-0.433883739117558,-0.9009688679024191,0.8660254037844386,0.5000000000000001,0,0,0,0,0,0,0,0,0,0,0,0,0,0,0,0,0,0,0,1,0
2011-03-19,0.0,0.0,0.0,0.0,0.0,1,1,3,78,11,24051.4,0.0,16726.365714285716,17570.489333333335,0,0,-0.9749279121818236,-0.2225209339563146,0.8660254037844386,0.5000000000000001,0,0,0,0,0,0,0,0,0,0,0,0,0,0,0,0,0,0,0,0,1
2011-03-20,20164.28,1412.0,60.0,56.0,10724.0,1,1,3,79,11,0.0,4056.72,16726.365714285716,16768.444666666666,0,0,-0.7818314824680299,0.6234898018587334,0.8660254037844386,0.5000000000000001,0,0,1,0,0,0,0,0,0,0,0,0,0,0,0,0,0,0,0,0,0
2011-03-21,15601.1,1032.0,53.0,47.0,9754.0,0,1,3,80,12,20164.28,22607.21,19027.445714285714,16932.975333333332,0,0,0.0,1.0,0.8660254037844386,0.5000000000000001,0,0,0,0,0,1,0,0,0,0,0,0,0,0,0,0,0,0,0,0,0
2011-03-22,28079.37,2317.0,52.0,40.0,14513.0,0,1,4,81,12,15601.1,19103.23,18026.57285714286,17453.012,0,0,0.7818314824680298,0.6234898018587336,0.8660254037844386,0.5000000000000001,0,0,0,0,0,0,0,0,0,0,0,0,0,0,0,0,0,0,0,1,0
2011-03-23,21765.84,1261.0,63.0,55.0,12508.0,0,1,4,82,12,28079.37,19450.63,19308.87857142857,18079.452333333335,0,0,0.9749279121818236,-0.22252093395631434,0.8660254037844386,0.5000000000000001,0,0,0,0,0,0,0,0,0,0,0,0,0,0,0,0,0,0,0,1,0
2011-03-24,26511.87,1484.0,67.0,62.0,14067.0,0,1,4,83,12,21765.84,27815.37,19639.622857142855,17783.393666666663,0,0,0.43388373911755823,-0.900968867902419,0.8660254037844386,0.5000000000000001,0,0,0,0,0,0,0,0,0,0,0,0,0,0,0,0,0,0,0,1,0
2011-03-25,23418.27,1319.0,56.0,45.0,11997.0,0,1,4,84,12,26511.87,24051.4,19453.40857142857,17732.442666666666,0,0,-0.433883739117558,-0.9009688679024191,0.8660254037844386,0.5000000000000001,0,0,0,0,0,0,0,0,0,0,0,0,0,0,0,0,0,1,0,0,0
2011-03-26,0.0,0.0,0.0,0.0,0.0,1,1,4,85,12,23418.27,0.0,19362.96142857143,17700.228333333333,0,0,-0.9749279121818236,-0.2225209339563146,0.8660254037844386,0.5000000000000001,0,0,0,0,0,0,0,0,0,0,0,0,0,0,0,0,0,0,0,0,1
2011-03-27,8869.4,706.0,32.0,31.0,4473.0,1,1,4,86,12,0.0,20164.28,19362.96142857143,16974.54233333333,0,0,-0.7818314824680299,0.6234898018587334,0.8660254037844386,0.5000000000000001,0,0,0,0,0,0,0,0,0,0,0,0,0,0,0,0,0,0,0,1,0
2011-03-28,20512.5,1611.0,59.0,52.0,11999.0,0,1,4,87,13,8869.4,15601.1,17749.407142857144,16715.713,0,0,0.0,1.0,0.8660254037844386,0.5000000000000001,0,0,0,0,0,0,0,0,0,0,0,0,0,0,0,0,0,0,0,1,0
2011-03-29,60280.63,1931.0,62.0,46.0,26977.0,0,1,5,88,13,20512.5,28079.37,18451.035714285714,17399.463,0,0,0.7818314824680298,0.6234898018587336,0.8660254037844386,0.5000000000000001,0,0,0,0,0,0,0,0,0,0,0,0,0,0,0,0,0,1,0,0,0
2011-03-30,28496.56,1500.0,75.0,63.0,16842.0,0,1,5,89,13,60280.63,21765.84,23051.215714285714,19100.079333333335,0,0,0.9749279121818236,-0.22252093395631434,0.8660254037844386,0.5000000000000001,0,0,0,0,0,0,0,0,0,0,0,0,0,0,0,0,0,1,0,0,0
2011-03-31,28455.64,1622.0,65.0,57.0,15530.0,0,1,5,90,13,28496.56,26511.87,24012.747142857144,19403.416333333334,0,0,0.43388373911755823,-0.900968867902419,0.8660254037844386,0.5000000000000001,0,0,0,0,0,0,0,0,0,0,0,0,0,0,0,0,1,0,0,0,0
2011-04-01,20069.05,1199.0,74.0,58.0,12495.0,0,2,1,91,13,28455.64,23418.27,24290.428571428572,19560.95333333333,0,0,-0.433883739117558,-0.9009688679024191,1.0,6.123233995736766e-17,0,0,0,0,0,0,0,0,0,0,0,0,0,0,0,0,0,0,0,1,0
2011-04-02,0.0,0.0,0.0,0.0,0.0,1,2,1,92,13,20069.05,0.0,23811.968571428566,19665.537333333334,0,0,-0.9749279121818236,-0.2225209339563146,1.0,6.123233995736766e-17,0,0,0,0,0,0,0,0,0,0,0,0,0,0,0,0,0,0,0,0,1
2011-04-03,6392.45,705.0,20.0,18.0,4178.0,1,2,1,93,13,0.0,8869.4,23811.968571428566,18645.112,0,0,-0.7818314824680299,0.6234898018587334,1.0,6.123233995736766e-17,0,0,0,0,0,0,0,0,0,0,0,0,0,0,0,0,0,0,0,1,0
2011-04-04,24234.75,1635.0,56.0,47.0,13146.0,0,2,1,94,14,6392.45,20512.5,23458.11857142857,18291.134666666665,0,0,0.0,1.0,1.0,6.123233995736766e-17,0,0,0,0,0,0,0,0,0,0,0,0,0,0,0,0,0,1,0,0,0
2011-04-05,23279.6,1128.0,51.0,44.0,13435.0,0,2,1,95,14,24234.75,60280.63,23989.86857142857,19098.959666666666,0,0,0.7818314824680298,0.6234898018587336,1.0,6.123233995736766e-17,0,0,0,0,0,0,0,0,0,0,0,0,0,0,0,0,0,1,0,0,0
2011-04-06,16462.76,1064.0,40.0,36.0,8878.0,0,2,1,96,14,23279.6,28496.56,18704.007142857143,19563.841000000004,0,0,0.9749279121818236,-0.22252093395631434,1.0,6.123233995736766e-17,0,0,0,0,0,0,0,0,0,0,0,0,0,0,0,0,0,0,0,1,0
2011-04-07,17381.37,1475.0,64.0,57.0,10021.0,0,2,1,97,14,16462.76,28455.64,16984.89285714286,19237.898666666664,0,0,0.43388373911755823,-0.900968867902419,1.0,6.123233995736766e-17,0,0,0,0,0,0,1,0,0,0,0,0,0,0,0,0,0,0,0,0,0
2011-04-08,21862.39,1356.0,70.0,62.0,11643.0,0,2,2,98,14,17381.37,20069.05,15402.854285714286,19017.274666666668,0,0,-0.433883739117558,-0.9009688679024191,1.0,6.123233995736766e-17,0,0,0,0,0,0,0,0,0,0,0,0,0,0,0,0,1,0,0,0,0
2011-04-09,0.0,0.0,0.0,0.0,0.0,1,2,2,99,14,21862.39,0.0,15659.045714285714,19095.27533333333,0,0,-0.9749279121818236,-0.2225209339563146,1.0,6.123233995736766e-17,0,0,0,0,0,0,0,0,0,0,0,0,0,0,0,0,0,0,0,0,1
2011-04-10,9217.77,919.0,32.0,31.0,5508.0,1,2,2,100,14,0.0,6392.45,15659.045714285714,18307.66433333333,0,0,-0.7818314824680299,0.6234898018587334,1.0,6.123233995736766e-17,0,0,0,0,0,0,0,0,0,0,0,0,0,1,0,0,0,0,0,0,0
2011-04-11,20755.82,1210.0,62.0,54.0,12860.0,0,2,2,101,15,9217.77,24234.75,16062.662857142857,17938.00533333333,0,0,0.0,1.0,1.0,6.123233995736766e-17,0,0,0,1,0,0,0,0,0,0,0,0,0,0,0,0,0,0,0,0,0
2011-04-12,24244.11,1101.0,61.0,53.0,14648.0,0,2,2,102,15,20755.82,23279.6,15565.672857142856,18629.865999999998,0,0,0.7818314824680298,0.6234898018587336,1.0,6.123233995736766e-17,0,0,0,0,0,0,0,0,0,0,0,0,0,0,0,0,0,0,0,1,0
2011-04-13,20923.36,1006.0,60.0,54.0,13653.0,0,2,2,103,15,24244.11,16462.76,15703.460000000001,19302.779,0,0,0.9749279121818236,-0.22252093395631434,1.0,6.123233995736766e-17,0,0,0,0,0,0,0,0,0,0,0,0,0,0,0,0,0,0,0,1,0
2011-04-14,32778.44,1533.0,86.0,75.0,17497.0,0,2,2,104,15,20923.36,17381.37,16340.688571428573,19246.65066666667,0,0,0.43388373911755823,-0.900968867902419,1.0,6.123233995736766e-17,0,0,0,0,0,0,0,0,0,0,0,0,0,0,0,0,0,0,0,1,0
2011-04-15,25060.8,1459.0,56.0,40.0,10561.0,0,2,3,105,15,32778.44,21862.39,18540.27,19702.490999999998,0,0,-0.433883739117558,-0.9009688679024191,1.0,6.123233995736766e-17,0,0,0,0,0,0,0,0,0,0,0,0,0,0,0,0,0,0,0,1,0
2011-04-16,0.0,0.0,0.0,0.0,0.0,1,2,3,106,15,25060.8,0.0,18997.185714285715,19889.496666666666,0,0,-0.9749279121818236,-0.2225209339563146,1.0,6.123233995736766e-17,0,0,0,0,0,0,0,0,0,0,0,0,0,0,0,0,0,0,0,0,1
2011-04-17,12221.7,935.0,42.0,39.0,7695.0,1,2,3,107,15,0.0,9217.77,18997.185714285715,18962.317666666666,0,0,-0.7818314824680299,0.6234898018587334,1.0,6.123233995736766e-17,0,0,0,0,0,0,0,0,0,0,0,0,0,0,1,0,0,0,0,0,0
2011-04-18,30156.03,3100.0,68.0,55.0,15583.0,0,2,3,108,16,12221.7,20755.82,19426.318571428572,18567.994333333332,0,0,0.0,1.0,1.0,6.123233995736766e-17,0,0,0,0,0,0,0,0,0,0,0,0,0,0,0,0,0,0,1,0,0
2011-04-19,21676.69,1831.0,59.0,52.0,13519.0,0,2,3,109,16,30156.03,24244.11,20769.205714285716,19573.195333333333,0,0,0.7818314824680298,0.6234898018587336,1.0,6.123233995736766e-17,0,0,0,0,0,0,0,0,0,0,0,0,0,0,0,1,0,0,0,0,0
2011-04-20,24539.64,986.0,63.0,58.0,12821.0,0,2,3,110,16,21676.69,20923.36,20402.43142857143,19623.609,0,0,0.9749279121818236,-0.22252093395631434,1.0,6.123233995736766e-17,0,0,1,0,0,0,0,0,0,0,0,0,0,0,0,0,0,0,0,0,0
2011-04-21,29677.04,1881.0,77.0,64.0,15844.0,0,2,3,111,16,24539.64,32778.44,20919.042857142857,19921.56033333333,0,0,0.43388373911755823,-0.900968867902419,1.0,6.123233995736766e-17,0,0,0,0,0,0,0,0,0,0,0,0,0,0,1,0,0,0,0,0,0
2011-04-22,0.0,0.0,0.0,0.0,0.0,0,2,4,112,16,29677.04,25060.8,20475.985714285714,19974.816,0,0,-0.433883739117558,-0.9009688679024191,1.0,6.123233995736766e-17,0,0,0,0,0,0,0,0,0,0,0,0,0,0,0,0,0,0,0,0,1
2011-04-23,0.0,0.0,0.0,0.0,0.0,1,2,4,113,16,0.0,0.0,16895.87142857143,19249.288,0,0,-0.9749279121818236,-0.2225209339563146,1.0,6.123233995736766e-17,0,0,0,0,0,0,0,0,0,0,0,0,0,0,0,0,0,0,0,0,1
2011-04-24,0.0,0.0,0.0,0.0,0.0,1,2,4,114,16,0.0,12221.7,16895.87142857143,18365.559,0,0,-0.7818314824680299,0.6234898018587334,1.0,6.123233995736766e-17,0,0,0,0,0,0,0,0,0,0,0,0,0,0,0,0,0,0,0,0,1
2011-04-25,0.0,0.0,0.0,0.0,0.0,0,2,4,115,17,0.0,30156.03,15149.914285714285,17584.95,0,0,0.0,1.0,1.0,6.123233995736766e-17,0,0,0,0,0,0,0,0,0,0,0,0,0,0,0,0,0,0,0,0,1
2011-04-26,26719.22,1844.0,71.0,55.0,13371.0,0,2,4,116,17,0.0,21676.69,10841.91,17584.95,0,0,0.7818314824680298,0.6234898018587336,1.0,6.123233995736766e-17,0,0,0,0,0,0,0,0,0,0,0,0,0,0,0,0,0,1,0,0,0
2011-04-27,22475.38,1253.0,65.0,56.0,14164.0,0,2,4,117,17,26719.22,24539.64,11562.27142857143,18179.944,0,0,0.9749279121818236,-0.22252093395631434,1.0,6.123233995736766e-17,0,0,0,0,0,0,0,0,0,0,0,0,0,0,0,0,0,0,0,1,0
2011-04-28,19472.21,1119.0,58.0,49.0,12972.0,0,2,4,118,17,22475.38,29677.04,11267.377142857145,18245.373333333333,0,0,0.43388373911755823,-0.900968867902419,1.0,6.123233995736766e-17,0,0,0,0,0,0,0,0,0,0,0,0,0,0,1,0,0,0,0,0,0
2011-04-29,0.0,0.0,0.0,0.0,0.0,0,2,5,119,17,19472.21,0.0,9809.544285714286,16885.092666666667,0,0,-0.433883739117558,-0.9009688679024191,1.0,6.123233995736766e-17,0,0,0,0,0,0,0,0,0,0,0,0,0,0,0,0,0,0,0,0,1
2011-04-30,0.0,0.0,0.0,0.0,0.0,1,2,5,120,17,0.0,0.0,9809.544285714286,15935.207333333332,0,0,-0.9749279121818236,-0.2225209339563146,1.0,6.123233995736766e-17,0,0,0,0,0,0,0,0,0,0,0,0,0,0,0,0,0,0,0,0,1
2011-05-01,6729.74,445.0,18.0,18.0,3706.0,1,2,1,121,17,0.0,0.0,9809.544285714286,14986.685999999998,0,0,-0.7818314824680299,0.6234898018587334,0.8660254037844387,-0.4999999999999998,0,0,0,0,0,0,0,0,0,0,0,0,0,0,0,0,0,0,0,1,0
2011-05-02,0.0,0.0,0.0,0.0,0.0,0,2,1,122,18,6729.74,0.0,10770.935714285715,14542.042333333335,0,0,0.0,1.0,0.8660254037844387,-0.4999999999999998,0,0,0,0,0,0,0,0,0,0,0,0,0,0,0,0,0,0,0,0,1
2011-05-03,23834.72,1352.0,64.0,49.0,11024.0,0,2,1,123,18,0.0,26719.22,10770.935714285715,14542.042333333335,0,0,0.7818314824680298,0.6234898018587336,0.8660254037844387,-0.4999999999999998,0,0,0,0,0,0,0,0,0,0,0,0,1,0,0,0,0,0,0,0,0
2011-05-04,25873.53,1134.0,65.0,55.0,15259.0,0,2,1,124,18,23834.72,22475.38,10358.864285714284,15123.451333333333,0,0,0.9749279121818236,-0.22252093395631434,0.8660254037844387,-0.4999999999999998,0,0,0,0,0,0,0,0,0,0,0,0,0,0,1,0,0,0,0,0,0
2011-05-05,26700.8,1781.0,88.0,75.0,15301.0,0,2,1,125,18,25873.53,19472.21,10844.314285714285,15178.07733333333,0,0,0.43388373911755823,-0.900968867902419,0.8660254037844387,-0.4999999999999998,0,0,0,0,0,0,0,0,0,0,0,0,0,0,0,0,0,0,1,0,0
2011-05-06,33778.54,1996.0,82.0,64.0,17117.0,0,2,1,126,18,26700.8,0.0,11876.97,15292.117333333334,0,0,-0.433883739117558,-0.9009688679024191,0.8660254037844387,-0.4999999999999998,0,0,1,0,0,0,0,0,0,0,0,0,0,0,0,0,0,0,0,0,0
2011-05-07,0.0,0.0,0.0,0.0,0.0,1,2,1,127,18,33778.54,0.0,16702.475714285716,15869.31,0,0,-0.9749279121818236,-0.2225209339563146,0.8660254037844387,-0.4999999999999998,0,0,0,0,0,0,0,0,0,0,0,0,0,0,0,0,0,0,0,0,1
2011-05-08,18093.68,1444.0,63.0,58.0,9884.0,1,2,2,128,18,0.0,6729.74,16702.475714285716,15289.931,0,0,-0.7818314824680299,0.6234898018587334,0.8660254037844387,-0.4999999999999998,0,0,0,0,0,0,0,0,0,0,0,0,0,0,0,0,0,0,0,1,0
2011-05-09,26158.89,1741.0,71.0,59.0,13063.0,0,2,2,129,19,18093.68,0.0,18325.895714285714,15164.307333333332,0,0,0.0,1.0,0.8660254037844387,-0.4999999999999998,0,0,0,0,0,0,0,0,0,0,0,0,0,0,0,0,0,0,0,0,0
2011-05-10,40808.77,2494.0,95.0,62.0,18962.0,0,2,2,130,19,26158.89,23834.72,22062.88,16036.270333333332,0,0,0.7818314824680298,0.6234898018587336,0.8660254037844387,-0.4999999999999998,0,0,0,0,0,0,0,0,0,0,0,0,0,1,0,0,0,0,0,0,0
2011-05-11,31274.45,1650.0,80.0,56.0,17100.0,0,2,2,131,19,40808.77,25873.53,24487.744285714285,17089.303666666667,0,0,0.9749279121818236,-0.22252093395631434,0.8660254037844387,-0.4999999999999998,0,0,0,0,0,0,0,0,0,0,0,0,0,0,0,0,1,0,0,0,0
2011-05-12,52677.65,1905.0,84.0,68.0,29268.0,0,2,2,132,19,31274.45,26700.8,25259.304285714286,17439.924666666666,0,0,0.43388373911755823,-0.900968867902419,0.8660254037844387,-0.4999999999999998,0,0,0,0,0,0,0,0,0,0,0,0,0,0,0,0,0,0,0,0,0
2011-05-13,29042.08,1403.0,73.0,52.0,14213.0,0,2,2,133,19,52677.65,33778.54,28970.282857142858,18387.709333333336,0,0,-0.433883739117558,-0.9009688679024191,0.8660254037844387,-0.4999999999999998,0,0,0,0,0,0,0,0,0,0,1,0,0,0,0,0,0,0,0,0,0
2011-05-14,0.0,0.0,0.0,0.0,0.0,1,2,2,134,19,29042.08,0.0,28293.645714285718,18658.333333333332,0,0,-0.9749279121818236,-0.2225209339563146,0.8660254037844387,-0.4999999999999998,0,0,0,0,0,0,0,0,0,0,0,0,0,0,0,0,0,0,0,0,1
2011-05-15,9760.28,803.0,31.0,29.0,4799.0,1,2,3,135,19,0.0,18093.68,28293.645714285718,17565.718666666664,0,0,-0.7818314824680299,0.6234898018587334,0.8660254037844387,-0.4999999999999998,0,0,0,0,0,0,0,0,0,0,0,0,0,0,0,0,0,0,1,0,0
2011-05-16,37455.88,1576.0,67.0,51.0,15432.0,0,2,3,136,20,9760.28,26158.89,27103.160000000003,17055.701333333334,0,0,0.0,1.0,0.8660254037844387,-0.4999999999999998,0,0,0,0,0,0,0,0,0,0,1,0,0,0,0,0,0,0,0,0,0
2011-05-17,46589.55,1781.0,79.0,55.0,21853.0,0,2,3,137,20,37455.88,40808.77,28717.015714285713,18304.230666666666,0,0,0.7818314824680298,0.6234898018587336,0.8660254037844387,-0.4999999999999998,0,0,0,0,0,0,0,0,0,0,0,0,0,0,0,0,0,0,0,1,0
2011-05-18,31592.600000000002,1317.0,73.0,62.0,15627.0,0,2,3,138,20,46589.55,31274.45,29542.84142857143,19449.825666666668,0,0,0.9749279121818236,-0.22252093395631434,0.8660254037844387,-0.4999999999999998,0,0,0,0,0,0,0,0,0,0,0,0,0,0,0,0,0,0,0,1,0
2011-05-19,32532.3,1866.0,99.0,82.0,16810.0,0,2,3,139,20,31592.600000000002,52677.65,29588.29142857143,19497.711333333333,0,0,0.43388373911755823,-0.900968867902419,0.8660254037844387,-0.4999999999999998,0,0,0,0,0,0,0,0,0,0,0,0,0,0,0,0,0,0,0,1,0
2011-05-20,23593.22,1088.0,71.0,58.0,13146.0,0,2,3,140,20,32532.3,29042.08,26710.384285714284,19859.565,0,0,-0.433883739117558,-0.9009688679024191,0.8660254037844387,-0.4999999999999998,0,0,0,0,0,0,0,0,0,0,0,0,0,0,0,0,0,0,0,1,0
2011-05-21,0.0,0.0,0.0,0.0,0.0,1,2,3,141,20,23593.22,0.0,25931.975714285712,19828.017666666667,0,0,-0.9749279121818236,-0.2225209339563146,0.8660254037844387,-0.4999999999999998,0,0,0,0,0,0,0,0,0,0,0,0,0,0,0,0,0,0,0,0,1
2011-05-22,22592.35,1532.0,61.0,57.0,12310.0,1,2,4,142,20,0.0,9760.28,25931.975714285716,18838.783,0,0,-0.7818314824680299,0.6234898018587334,0.8660254037844387,-0.4999999999999998,0,0,0,0,0,0,0,0,0,0,0,0,0,0,0,0,0,0,1,0,0
2011-05-23,26774.15,1536.0,65.0,54.0,13423.0,0,2,4,143,21,22592.35,37455.88,27765.12857142857,19591.86133333333,0,0,0.0,1.0,0.8660254037844387,-0.4999999999999998,0,0,0,0,0,0,0,0,0,0,0,0,0,0,0,0,0,1,0,0,0
2011-05-24,25136.55,1692.0,68.0,53.0,11771.0,0,2,4,144,21,26774.15,46589.55,26239.167142857146,20484.333,0,0,0.7818314824680298,0.6234898018587336,0.8660254037844387,-0.4999999999999998,0,0,0,0,0,0,0,0,0,0,0,0,0,0,0,0,0,1,0,0,0
2011-05-25,21338.53,1283.0,65.0,52.0,11525.0,0,2,4,145,21,25136.55,31592.600000000002,23174.452857142856,21322.218,0,0,0.9749279121818236,-0.22252093395631434,0.8660254037844387,-0.4999999999999998,0,0,0,0,0,0,0,0,0,0,0,0,0,0,0,0,0,0,0,1,0
2011-05-26,25366.23,938.0,64.0,50.0,12953.0,0,2,4,146,21,21338.53,32532.3,21709.585714285717,22033.502333333334,0,0,0.43388373911755823,-0.900968867902419,0.8660254037844387,-0.4999999999999998,0,0,0,0,0,0,0,0,0,0,0,0,0,0,0,0,1,0,0,0,0
2011-05-27,23327.49,1116.0,64.0,49.0,11101.0,0,2,4,147,21,25366.23,23593.22,20685.86142857143,21988.40266666667,0,0,-0.433883739117558,-0.9009688679024191,0.8660254037844387,-0.4999999999999998,0,0,0,0,0,0,0,0,0,0,0,0,1,0,0,0,0,0,0,0,0
2011-05-28,0.0,0.0,0.0,0.0,0.0,1,2,4,148,21,23327.49,0.0,20647.899999999998,22016.806333333334,0,0,-0.9749279121818236,-0.2225209339563146,0.8660254037844387,-0.4999999999999998,0,0,0,0,0,0,0,0,0,0,0,0,0,0,0,0,0,0,0,0,1
2011-05-29,6781.76,612.0,24.0,20.0,3773.0,1,2,5,149,21,0.0,22592.35,20647.899999999998,21367.732666666667,0,0,-0.7818314824680299,0.6234898018587334,0.8660254037844387,-0.4999999999999998,0,0,0,0,0,0,0,0,0,0,0,0,0,0,0,0,0,0,0,1,0
2011-05-30,0.0,0.0,0.0,0.0,0.0,0,2,5,150,22,6781.76,26774.15,18389.244285714285,21593.791333333334,0,0,0.0,1.0,0.8660254037844387,-0.4999999999999998,0,0,0,0,0,0,0,0,0,0,0,0,0,0,0,0,0,0,0,0,1
2011-05-31,19678.52,1243.0,54.0,48.0,9492.0,0,2,5,151,22,0.0,25136.55,14564.365714285714,21593.791333333334,0,0,0.7818314824680298,0.6234898018587336,0.8660254037844387,-0.4999999999999998,0,0,0,0,0,0,0,0,0,0,0,0,1,0,0,0,0,0,0,0,0
2011-06-01,17636.15,1410.0,42.0,35.0,9691.0,0,2,1,152,22,19678.52,21338.53,13784.647142857142,22025.417333333335,0,0,0.9749279121818236,-0.22252093395631434,0.49999999999999994,-0.8660254037844387,0,0,0,0,0,0,0,0,0,0,0,0,0,0,0,1,0,0,0,0,0
2011-06-02,29817.75,1526.0,52.0,33.0,13518.0,0,2,1,153,22,17636.15,25366.23,13255.735714285713,22613.288999999997,0,0,0.43388373911755823,-0.900968867902419,0.49999999999999994,-0.8660254037844387,0,0,0,0,0,0,0,0,0,0,0,0,0,0,0,0,0,0,0,1,0
2011-06-03,15181.9,841.0,44.0,37.0,7075.0,0,2,1,154,22,29817.75,23327.49,13891.667142857144,22812.72333333333,0,0,-0.433883739117558,-0.9009688679024191,0.49999999999999994,-0.8660254037844387,0,0,0,0,0,1,0,0,0,0,0,0,0,0,0,0,0,0,0,0,0
2011-06-04,0.0,0.0,0.0,0.0,0.0,1,2,1,155,22,15181.9,0.0,12728.011428571428,22456.335666666666,0,0,-0.9749279121818236,-0.2225209339563146,0.49999999999999994,-0.8660254037844387,0,0,0,0,0,0,0,0,0,0,0,0,0,0,0,0,0,0,0,0,1
2011-06-05,23654.510000000002,1493.0,67.0,62.0,12940.0,1,2,1,156,22,0.0,6781.76,12728.011428571428,21566.309,0,0,-0.7818314824680299,0.6234898018587334,0.49999999999999994,-0.8660254037844387,0,0,0,0,0,0,0,0,0,0,1,0,0,0,0,0,0,0,0,0,0
2011-06-06,16442.58,1167.0,56.0,53.0,9434.0,0,2,1,157,23,23654.510000000002,0.0,15138.404285714289,21228.841333333334,0,0,0.0,1.0,0.49999999999999994,-0.8660254037844387,0,0,0,0,0,0,0,0,0,0,0,0,0,0,0,0,0,1,0,0,0
2011-06-07,30896.77,1859.0,77.0,68.0,16788.0,0,2,1,158,23,16442.58,19678.52,17487.344285714287,21776.927333333337,0,0,0.7818314824680298,0.6234898018587336,0.49999999999999994,-0.8660254037844387,0,0,0,0,0,0,0,0,0,0,0,0,0,0,1,0,0,0,0,0,0
2011-06-08,38854.02,2264.0,99.0,71.0,19169.0,0,2,2,159,23,30896.77,17636.15,19089.95142857143,22203.696999999996,0,0,0.9749279121818236,-0.22252093395631434,0.49999999999999994,-0.8660254037844387,0,0,0,0,0,0,0,0,0,0,0,0,1,0,0,0,0,0,0,0,0
2011-06-09,31903.14,1796.0,85.0,76.0,18382.0,0,2,2,160,23,38854.02,29817.75,22121.07571428572,22626.868000000002,0,0,0.43388373911755823,-0.900968867902419,0.49999999999999994,-0.8660254037844387,0,0,0,0,0,0,0,0,0,0,0,0,0,0,0,0,0,0,0,0,0
2011-06-10,22152.5,1011.0,50.0,41.0,10532.0,0,2,2,161,23,31903.14,15181.9,22418.988571428574,22330.01366666667,0,0,-0.433883739117558,-0.9009688679024191,0.49999999999999994,-0.8660254037844387,1,0,0,0,0,0,0,0,0,0,0,0,0,0,0,0,0,0,0,0,0
2011-06-11,0.0,0.0,0.0,0.0,0.0,1,2,2,162,23,22152.5,0.0,23414.788571428573,22025.948666666667,0,0,-0.9749279121818236,-0.2225209339563146,0.49999999999999994,-0.8660254037844387,0,0,0,0,0,0,0,0,0,0,0,0,0,0,0,0,0,0,0,0,1
2011-06-12,11301.49,1046.0,39.0,38.0,7141.0,1,2,2,163,23,0.0,23654.510000000002,23414.788571428573,20270.027000000002,0,0,-0.7818314824680299,0.6234898018587334,0.49999999999999994,-0.8660254037844387,0,0,0,0,0,0,0,0,0,0,0,0,0,0,0,0,0,0,0,1,0
2011-06-13,19267.15,1387.0,59.0,49.0,10496.0,0,2,2,164,24,11301.49,16442.58,21650.071428571428,19678.674,0,0,0.0,1.0,0.49999999999999994,-0.8660254037844387,0,0,0,0,0,0,0,0,0,0,0,0,0,0,0,0,0,0,0,1,0
2011-06-14,31526.68,1568.0,57.0,42.0,12347.0,0,2,2,165,24,19267.15,30896.77,22053.58142857143,20320.912333333334,0,0,0.7818314824680298,0.6234898018587336,0.49999999999999994,-0.8660254037844387,0,0,0,0,0,0,0,0,0,0,0,1,0,0,0,0,0,0,0,0,0
2011-06-15,41637.31,1631.0,59.0,42.0,24548.0,0,2,3,166,24,31526.68,38854.02,22143.568571428572,21046.459,0,0,0.9749279121818236,-0.22252093395631434,0.49999999999999994,-0.8660254037844387,0,0,0,0,0,0,0,0,0,0,0,0,0,0,0,0,0,1,0,0,0
2011-06-16,28990.49,1485.0,83.0,74.0,16772.0,0,2,3,167,24,41637.31,31903.14,22541.181428571428,21185.84,0,0,0.43388373911755823,-0.900968867902419,0.49999999999999994,-0.8660254037844387,0,0,0,0,0,0,0,0,0,0,0,0,0,0,0,0,0,0,0,0,0
2011-06-17,19528.34,932.0,52.0,35.0,10238.0,0,2,3,168,24,28990.49,22152.5,22125.088571428572,20599.20466666667,0,0,-0.433883739117558,-0.9009688679024191,0.49999999999999994,-0.8660254037844387,0,0,0,0,0,0,0,0,0,0,0,0,0,0,0,0,0,0,0,1,0
2011-06-18,0.0,0.0,0.0,0.0,0.0,1,2,3,169,24,19528.34,0.0,21750.20857142857,20197.06266666667,0,0,-0.9749279121818236,-0.2225209339563146,0.49999999999999994,-0.8660254037844387,0,0,0,0,0,0,0,0,0,0,0,0,0,0,0,0,0,0,0,0,1
2011-06-19,21154.44,1145.0,60.0,57.0,13954.0,1,2,3,170,24,0.0,11301.49,21750.20857142857,19112.652666666665,0,0,-0.7818314824680299,0.6234898018587334,0.49999999999999994,-0.8660254037844387,0,0,0,0,0,0,0,0,0,0,0,0,0,0,0,0,0,0,0,1,0
2011-06-20,28410.73,1951.0,73.0,49.0,14323.0,0,2,3,171,25,21154.44,19267.15,23157.772857142856,19031.36,0,0,0.0,1.0,0.49999999999999994,-0.8660254037844387,0,0,0,0,0,0,0,0,0,0,0,0,1,0,0,0,0,0,0,0,0
2011-06-21,21379.19,1439.0,55.0,45.0,12354.0,0,2,3,172,25,28410.73,31526.68,24463.998571428576,19978.384333333335,0,0,0.7818314824680298,0.6234898018587336,0.49999999999999994,-0.8660254037844387,0,0,0,0,0,0,0,0,0,0,0,0,0,0,0,0,0,0,0,1,0
2011-06-22,18758.2,995.0,58.0,54.0,12726.0,0,2,4,173,25,21379.19,41637.31,23014.35714285714,19937.94566666667,0,0,0.9749279121818236,-0.22252093395631434,0.49999999999999994,-0.8660254037844387,0,0,0,0,0,0,0,0,0,0,0,0,0,0,1,0,0,0,0,0,0
2011-06-23,23605.2,1918.0,72.0,64.0,14137.0,0,2,4,174,25,18758.2,28990.49,19745.912857142856,19670.747333333336,0,0,0.43388373911755823,-0.900968867902419,0.49999999999999994,-0.8660254037844387,0,0,0,0,0,0,0,0,0,0,0,1,0,0,0,0,0,0,0,0,0
2011-06-24,18224.7,1011.0,50.0,40.0,9967.0,0,2,4,175,25,23605.2,19528.34,18976.585714285717,19619.70233333333,0,0,-0.433883739117558,-0.9009688679024191,0.49999999999999994,-0.8660254037844387,1,0,0,0,0,0,0,0,0,0,0,0,0,0,0,0,0,0,0,0,0
2011-06-25,0.0,0.0,0.0,0.0,0.0,1,2,4,176,25,18224.7,0.0,18790.35142857143,19515.908,0,0,-0.9749279121818236,-0.2225209339563146,0.49999999999999994,-0.8660254037844387,0,0,0,0,0,0,0,0,0,0,0,0,0,0,0,0,0,0,0,0,1
2011-06-26,5910.84,653.0,26.0,24.0,3748.0,1,2,4,177,25,0.0,21154.44,18790.35142857143,18670.367000000002,0,0,-0.7818314824680299,0.6234898018587334,0.49999999999999994,-0.8660254037844387,0,0,0,0,0,0,0,0,0,0,0,0,0,0,0,0,0,0,0,1,0
2011-06-27,15449.4,1138.0,45.0,31.0,9187.0,0,2,4,178,26,5910.84,28410.73,16612.694285714286,18089.811999999998,0,0,0.0,1.0,0.49999999999999994,-0.8660254037844387,0,0,0,0,0,0,0,0,0,0,0,0,0,0,0,0,0,1,0,0,0
2011-06-28,28883.31,940.0,53.0,40.0,16501.0,0,2,4,179,26,15449.4,21379.19,14761.075714285716,18604.792,0,0,0.7818314824680298,0.6234898018587336,0.49999999999999994,-0.8660254037844387,0,0,0,0,0,0,0,0,0,0,0,0,0,0,0,0,0,0,0,1,0
2011-06-29,20492.64,1310.0,42.0,36.0,11630.0,0,2,5,180,26,28883.31,18758.2,15833.092857142858,19341.51033333333,0,0,0.9749279121818236,-0.22252093395631434,0.49999999999999994,-0.8660254037844387,0,0,0,0,0,0,0,0,0,0,0,0,0,0,0,0,0,0,0,1,0
2011-06-30,26927.14,1596.0,70.0,55.0,14637.0,0,2,5,181,26,20492.64,23605.2,16080.87,20024.59833333333,0,0,0.43388373911755823,-0.900968867902419,0.49999999999999994,-0.8660254037844387,0,0,0,0,0,0,1,0,0,0,0,0,0,0,0,0,0,0,0,0,0
2011-07-01,12151.05,948.0,48.0,35.0,7570.0,0,3,1,182,26,26927.14,18224.7,16555.432857142856,20266.218999999997,0,0,-0.433883739117558,-0.9009688679024191,1.2246467991473532e-16,-1.0,0,0,0,0,0,0,0,0,0,0,0,0,0,0,0,0,0,0,0,1,0
2011-07-02,0.0,0.0,0.0,0.0,0.0,1,3,1,183,26,12151.05,0.0,15687.768571428573,20083.382333333335,0,0,-0.9749279121818236,-0.2225209339563146,1.2246467991473532e-16,-1.0,0,0,0,0,0,0,0,0,0,0,0,0,0,0,0,0,0,0,0,0,1
2011-07-03,5687.74,577.0,25.0,24.0,3071.0,1,3,1,184,26,0.0,5910.84,15687.768571428573,19089.457333333336,0,0,-0.7818314824680299,0.6234898018587334,1.2246467991473532e-16,-1.0,0,0,0,0,0,0,0,0,0,0,0,0,0,0,0,0,0,0,0,1,0
2011-07-04,31681.47,2161.0,50.0,30.0,13373.0,0,3,1,185,27,5687.74,15449.4,15655.897142857142,18772.985333333334,0,0,0.0,1.0,1.2246467991473532e-16,-1.0,0,0,0,0,0,0,0,0,0,0,0,0,0,0,0,0,0,0,0,1,0
2011-07-05,34561.94,2157.0,73.0,58.0,17106.0,0,3,1,186,27,31681.47,28883.31,17974.764285714286,19829.034333333333,0,0,0.7818314824680298,0.6234898018587336,1.2246467991473532e-16,-1.0,0,0,0,0,0,0,0,0,0,0,0,0,0,0,0,0,0,1,0,0,0
2011-07-06,23809.87,1776.0,70.0,61.0,16078.0,0,3,1,187,27,34561.94,20492.64,18785.997142857144,20192.615333333335,0,0,0.9749279121818236,-0.22252093395631434,1.2246467991473532e-16,-1.0,0,0,0,0,0,0,0,0,0,0,0,0,0,0,0,0,0,0,0,1,0
2011-07-07,28337.34,1884.0,76.0,67.0,16484.0,0,3,1,188,27,23809.87,26927.14,19259.88714285714,20438.191666666666,0,0,0.43388373911755823,-0.900968867902419,1.2246467991473532e-16,-1.0,0,0,0,0,0,1,0,0,0,0,0,0,0,0,0,0,0,0,0,0,0
2011-07-08,24005.5,1554.0,64.0,42.0,12283.0,0,3,2,189,27,28337.34,12151.05,19461.344285714287,20352.877333333334,0,0,-0.433883739117558,-0.9009688679024191,1.2246467991473532e-16,-1.0,0,0,0,0,0,0,0,0,0,0,0,0,0,0,0,0,0,1,0,0,0
2011-07-09,0.0,0.0,0.0,0.0,0.0,1,3,2,190,27,24005.5,0.0,21154.83714285714,19857.92666666667,0,0,-0.9749279121818236,-0.2225209339563146,1.2246467991473532e-16,-1.0,0,0,0,0,0,0,0,0,0,0,0,0,0,0,0,0,0,0,0,0,1
2011-07-10,5725.65,800.0,24.0,20.0,4039.0,1,3,2,191,27,0.0,5687.74,21154.83714285714,18794.488666666668,0,0,-0.7818314824680299,0.6234898018587334,1.2246467991473532e-16,-1.0,0,0,0,0,0,0,0,0,0,0,0,0,0,0,0,0,0,0,0,1,0
2011-07-11,20841.45,1473.0,52.0,43.0,13366.0,0,3,2,192,28,5725.65,31681.47,21160.25285714286,18246.927000000003,0,0,0.0,1.0,1.2246467991473532e-16,-1.0,0,0,0,0,0,0,0,0,0,0,0,0,0,0,0,0,0,0,0,1,0
2011-07-12,22091.84,1631.0,53.0,41.0,11725.0,0,3,2,193,28,20841.45,34561.94,19611.678571428572,18941.642,0,0,0.7818314824680298,0.6234898018587336,1.2246467991473532e-16,-1.0,0,0,0,0,0,0,0,0,0,0,0,0,0,0,0,0,0,0,1,0,0
2011-07-13,19761.46,1585.0,58.0,49.0,13775.0,0,3,2,194,28,22091.84,23809.87,17830.235714285714,19301.320333333333,0,0,0.9749279121818236,-0.22252093395631434,1.2246467991473532e-16,-1.0,0,0,0,0,0,0,0,0,0,0,0,0,0,0,0,0,0,0,0,1,0
2011-07-14,29326.56,1635.0,70.0,61.0,16025.0,0,3,2,195,28,19761.46,28337.34,17251.891428571427,19317.797333333336,0,0,0.43388373911755823,-0.900968867902419,1.2246467991473532e-16,-1.0,0,0,0,0,0,0,0,0,0,0,0,0,0,0,0,0,0,0,0,1,0
2011-07-15,12982.45,1097.0,40.0,33.0,7023.0,0,3,3,196,28,29326.56,24005.5,17393.20857142857,19244.46,0,0,-0.433883739117558,-0.9009688679024191,1.2246467991473532e-16,-1.0,0,0,0,0,0,0,0,0,0,0,0,0,0,0,1,0,0,0,0,0,0
2011-07-16,0.0,0.0,0.0,0.0,0.0,1,3,3,197,28,12982.45,0.0,15818.487142857144,18289.298000000003,0,0,-0.9749279121818236,-0.2225209339563146,1.2246467991473532e-16,-1.0,0,0,0,0,0,0,0,0,0,0,0,0,0,0,0,0,0,0,0,0,1
2011-07-17,16817.48,1222.0,51.0,45.0,10060.0,1,3,3,198,28,0.0,5725.65,15818.487142857144,17322.948333333334,0,0,-0.7818314824680299,0.6234898018587334,1.2246467991473532e-16,-1.0,0,0,0,0,0,0,0,0,0,0,1,0,0,0,0,0,0,0,0,0,0
2011-07-18,26985.51,2126.0,57.0,44.0,14840.0,0,3,3,199,29,16817.48,20841.45,17403.034285714286,17232.586333333333,0,0,0.0,1.0,1.2246467991473532e-16,-1.0,0,0,0,0,0,0,0,0,0,0,0,0,0,0,0,0,0,0,0,1,0
2011-07-19,45589.21,1558.0,65.0,57.0,22989.0,0,3,3,200,29,26985.51,22091.84,18280.757142857143,18132.103333333333,0,0,0.7818314824680298,0.6234898018587336,1.2246467991473532e-16,-1.0,0,0,0,0,0,0,0,0,0,0,0,0,1,0,0,0,0,0,0,0,0
2011-07-20,28882.22,1972.0,56.0,46.0,15986.0,0,3,3,201,29,45589.21,19761.46,21637.524285714284,18946.595666666668,0,0,0.9749279121818236,-0.22252093395631434,1.2246467991473532e-16,-1.0,0,0,0,0,0,0,0,0,0,0,0,0,0,0,0,0,0,0,0,1,0
2011-07-21,29672.36,1462.0,76.0,59.0,18734.0,0,3,3,202,29,28882.22,29326.56,22940.489999999998,18962.311999999998,0,0,0.43388373911755823,-0.900968867902419,1.2246467991473532e-16,-1.0,0,0,0,0,0,0,0,0,0,0,0,0,0,0,1,0,0,0,0,0,0
2011-07-22,19304.22,1269.0,43.0,34.0,10162.0,0,3,4,203,29,29672.36,12982.45,22989.890000000003,19238.750999999997,0,0,-0.433883739117558,-0.9009688679024191,1.2246467991473532e-16,-1.0,0,0,0,0,0,0,0,0,0,0,0,0,0,0,0,0,0,0,0,1,0
2011-07-23,0.0,0.0,0.0,0.0,0.0,1,3,4,204,29,19304.22,0.0,23893.0,19256.951666666668,0,0,-0.9749279121818236,-0.2225209339563146,1.2246467991473532e-16,-1.0,0,0,0,0,0,0,0,0,0,0,0,0,0,0,0,0,0,0,0,0,1
2011-07-24,23758.82,1106.0,58.0,53.0,13819.0,1,3,4,205,29,0.0,16817.48,23893.0,18470.11166666667,0,0,-0.7818314824680299,0.6234898018587334,1.2246467991473532e-16,-1.0,0,0,0,0,0,0,0,0,0,0,0,0,0,0,0,0,0,0,0,1,0
2011-07-25,24483.73,1917.0,58.0,49.0,14888.0,0,3,4,206,30,23758.82,26985.51,24884.620000000003,18654.582333333332,0,0,0.0,1.0,1.2246467991473532e-16,-1.0,0,0,0,0,0,0,0,0,0,0,0,0,0,0,0,0,0,0,0,1,0
2011-07-26,20308.6,1218.0,51.0,43.0,12585.0,0,3,4,207,30,24483.73,45589.21,24527.222857142857,19470.706666666665,0,0,0.7818314824680298,0.6234898018587336,1.2246467991473532e-16,-1.0,0,0,0,0,0,0,0,0,0,0,0,0,0,0,0,0,0,0,0,1,0
2011-07-27,22905.69,1210.0,48.0,39.0,13090.0,0,3,4,208,30,20308.6,28882.22,20915.707142857143,19950.631999999998,0,0,0.9749279121818236,-0.22252093395631434,1.2246467991473532e-16,-1.0,0,0,0,0,0,0,0,0,0,0,0,0,1,0,0,0,0,0,0,0,0
2011-07-28,38932.19,1490.0,80.0,68.0,21983.0,0,3,4,209,30,22905.69,29672.36,20061.91714285714,20199.175,0,0,0.43388373911755823,-0.900968867902419,1.2246467991473532e-16,-1.0,0,0,0,0,0,0,0,0,0,0,0,0,0,0,0,0,0,0,0,1,0
2011-07-29,17443.72,1112.0,64.0,57.0,11035.0,0,3,5,210,30,38932.19,19304.22,21384.75,20534.137666666666,0,0,-0.433883739117558,-0.9009688679024191,1.2246467991473532e-16,-1.0,0,0,0,0,0,0,0,0,0,0,1,0,0,0,0,0,0,0,0,0,0
2011-07-30,0.0,0.0,0.0,0.0,0.0,1,3,5,211,30,17443.72,0.0,21118.964285714286,20432.507,0,0,-0.9749279121818236,-0.2225209339563146,1.2246467991473532e-16,-1.0,0,0,0,0,0,0,0,0,0,0,0,0,0,0,0,0,0,0,0,0,1
2011-07-31,23770.49,1250.0,42.0,37.0,13708.0,1,3,5,212,30,0.0,23758.82,21118.964285714286,19534.935666666668,0,0,-0.7818314824680299,0.6234898018587334,1.2246467991473532e-16,-1.0,0,0,1,0,0,0,0,0,0,0,0,0,0,0,0,0,0,0,0,0,0
2011-08-01,19179.14,1179.0,39.0,34.0,10325.0,0,3,1,213,31,23770.49,24483.73,21120.631428571425,19922.250333333333,0,0,0.0,1.0,-0.4999999999999997,-0.8660254037844388,0,0,0,0,0,0,0,0,0,0,0,0,0,0,0,0,0,0,0,1,0
2011-08-02,23866.88,1322.0,44.0,39.0,13491.0,0,3,1,214,31,19179.14,20308.6,20362.832857142854,20561.555,0,0,0.7818314824680298,0.6234898018587336,-0.4999999999999997,-0.8660254037844388,0,1,0,0,0,0,0,0,0,0,0,0,0,0,0,0,0,0,0,0,0
2011-08-03,26094.89,1502.0,64.0,59.0,15137.0,0,3,1,215,31,23866.88,22905.69,20871.158571428572,21167.526333333335,0,0,0.9749279121818236,-0.22252093395631434,-0.4999999999999997,-0.8660254037844388,0,0,0,0,0,1,0,0,0,0,0,0,0,0,0,0,0,0,0,0,0
2011-08-04,42980.38,1769.0,82.0,76.0,27085.0,0,3,1,216,31,26094.89,38932.19,21326.75857142857,20981.306999999997,0,0,0.43388373911755823,-0.900968867902419,-0.4999999999999997,-0.8660254037844388,0,0,0,0,0,0,0,0,0,0,1,0,0,0,0,0,0,0,0,0,0
2011-08-05,20065.59,1412.0,55.0,47.0,12039.0,0,3,1,217,31,42980.38,17443.72,21905.071428571428,21261.921666666665,0,0,-0.433883739117558,-0.9009688679024191,-0.4999999999999997,-0.8660254037844388,0,0,0,0,0,0,0,0,0,0,0,0,0,0,0,0,0,0,0,1,0
2011-08-06,0.0,0.0,0.0,0.0,0.0,1,3,1,218,31,20065.59,0.0,22279.624285714286,21137.112333333334,0,0,-0.9749279121818236,-0.2225209339563146,-0.4999999999999997,-0.8660254037844388,0,0,0,0,0,0,0,0,0,0,0,0,0,0,0,0,0,0,0,0,1
2011-08-07,7291.1,522.0,30.0,28.0,4883.0,1,3,1,219,31,0.0,23770.49,22279.624285714286,20192.534333333333,0,0,-0.7818314824680299,0.6234898018587334,-0.4999999999999997,-0.8660254037844388,0,0,0,0,0,0,0,0,0,0,0,0,0,0,0,0,1,0,0,0,0
2011-08-08,20911.42,1443.0,39.0,37.0,11763.0,0,3,2,220,32,7291.1,19179.14,19925.425714285717,19635.387666666666,0,0,0.0,1.0,-0.4999999999999997,-0.8660254037844388,0,0,0,0,0,0,0,0,0,0,0,0,0,0,0,0,0,1,0,0,0
2011-08-09,23177.54,1081.0,40.0,37.0,13774.0,0,3,2,221,32,20911.42,23866.88,20172.894285714287,20332.435,0,0,0.7818314824680298,0.6234898018587336,-0.4999999999999997,-0.8660254037844388,0,0,0,0,0,0,0,0,0,0,1,0,0,0,0,0,0,0,0,0,0
2011-08-10,25943.31,1349.0,49.0,42.0,13082.0,0,3,2,222,32,23177.54,26094.89,20074.41714285714,20914.164666666664,0,0,0.9749279121818236,-0.22252093395631434,-0.4999999999999997,-0.8660254037844388,0,0,0,0,0,0,0,0,0,0,0,0,0,0,0,0,0,1,0,0,0
2011-08-11,51928.07,1918.0,67.0,57.0,28741.0,0,3,2,223,32,25943.31,42980.38,20052.762857142858,21084.22666666667,0,0,0.43388373911755823,-0.900968867902419,-0.4999999999999997,-0.8660254037844388,0,0,0,0,0,0,0,0,0,0,0,0,0,0,0,1,0,0,0,0,0
2011-08-12,18882.01,1101.0,50.0,40.0,10677.0,0,3,2,224,32,51928.07,20065.59,21331.004285714287,22078.767666666667,0,0,-0.433883739117558,-0.9009688679024191,-0.4999999999999997,-0.8660254037844388,0,0,0,0,0,0,1,0,0,0,0,0,0,0,0,0,0,0,0,0,0
2011-08-13,0.0,0.0,0.0,0.0,0.0,1,3,2,225,32,18882.01,0.0,21161.92142857143,22049.452666666664,0,0,-0.9749279121818236,-0.2225209339563146,-0.4999999999999997,-0.8660254037844388,0,0,0,0,0,0,0,0,0,0,0,0,0,0,0,0,0,0,0,0,1
2011-08-14,5413.07,531.0,25.0,21.0,3000.0,1,3,2,226,32,0.0,7291.1,21161.92142857143,21071.90066666667,0,0,-0.7818314824680299,0.6234898018587334,-0.4999999999999997,-0.8660254037844388,0,0,0,0,0,0,0,0,0,0,0,0,0,0,0,0,0,0,0,1,0
2011-08-15,16910.920000000002,907.0,48.0,46.0,9974.0,0,3,3,227,33,5413.07,20911.42,20893.631428571425,20819.587999999996,0,0,0.0,1.0,-0.4999999999999997,-0.8660254037844388,0,0,0,0,0,0,0,0,0,0,0,0,0,0,0,0,0,0,0,1,0
2011-08-16,18669.97,1012.0,51.0,43.0,10679.0,0,3,3,228,33,16910.920000000002,23177.54,20322.131428571425,21383.28533333333,0,0,0.7818314824680298,0.6234898018587336,-0.4999999999999997,-0.8660254037844388,0,0,0,0,0,0,0,0,0,0,0,0,0,0,0,0,0,0,0,1,0
2011-08-17,36176.6,1632.0,54.0,45.0,17850.0,0,3,3,229,33,18669.97,25943.31,19678.192857142854,21445.034999999996,0,0,0.9749279121818236,-0.22252093395631434,-0.4999999999999997,-0.8660254037844388,0,0,0,0,0,0,0,0,0,0,0,0,0,0,0,0,0,1,0,0,0
2011-08-18,44771.73,1475.0,69.0,64.0,25867.0,0,3,3,230,33,36176.6,51928.07,21140.091428571428,21751.404666666665,0,0,0.43388373911755823,-0.900968867902419,-0.4999999999999997,-0.8660254037844388,0,0,0,0,0,0,0,0,0,0,0,0,0,0,0,0,0,1,0,0,0
2011-08-19,16548.62,802.0,54.0,53.0,10469.0,0,3,3,231,33,44771.73,18882.01,20117.757142857143,21724.155333333336,0,0,-0.433883739117558,-0.9009688679024191,-0.4999999999999997,-0.8660254037844388,0,0,0,0,0,0,0,0,0,0,0,0,0,0,0,0,0,0,0,1,0
2011-08-20,0.0,0.0,0.0,0.0,0.0,1,3,3,232,33,16548.62,0.0,19784.415714285715,21313.035333333337,0,0,-0.9749279121818236,-0.2225209339563146,-0.4999999999999997,-0.8660254037844388,0,0,0,0,0,0,0,0,0,0,0,0,0,0,0,0,0,0,0,0,1
2011-08-21,13161.34,1034.0,39.0,36.0,7226.0,1,3,3,233,33,0.0,5413.07,19784.415714285715,20323.95666666667,0,0,-0.7818314824680299,0.6234898018587334,-0.4999999999999997,-0.8660254037844388,0,0,0,0,0,0,0,0,0,0,0,0,0,0,0,0,0,1,0,0,0
2011-08-22,24912.78,1260.0,65.0,57.0,14164.0,0,3,4,234,34,13161.34,16910.920000000002,20891.31142857143,20119.194,0,0,0.0,1.0,-0.4999999999999997,-0.8660254037844388,0,0,0,0,0,0,0,0,0,0,0,0,0,0,0,0,0,0,0,1,0
2011-08-23,24514.93,1424.0,60.0,54.0,13931.0,0,3,4,235,34,24912.78,18669.97,22034.434285714287,20949.62,0,0,0.7818314824680298,0.6234898018587336,-0.4999999999999997,-0.8660254037844388,0,0,0,0,0,0,0,0,0,0,1,0,0,0,0,0,0,0,0,0,0
2011-08-24,39369.77,1788.0,76.0,59.0,23012.0,0,3,4,236,34,24514.93,36176.6,22869.428571428572,20974.823666666667,0,0,0.9749279121818236,-0.22252093395631434,-0.4999999999999997,-0.8660254037844388,0,0,0,0,0,0,0,0,0,0,0,0,0,0,0,0,0,1,0,0,0
2011-08-25,21859.55,1243.0,73.0,68.0,13128.0,0,3,4,237,34,39369.77,44771.73,23325.59571428571,21471.025,0,0,0.43388373911755823,-0.900968867902419,-0.4999999999999997,-0.8660254037844388,0,0,0,0,0,0,0,0,0,0,0,0,0,0,0,0,1,0,0,0,0
2011-08-26,21394.46,909.0,45.0,40.0,13832.0,0,3,4,238,34,21859.55,16548.62,20052.42714285714,21522.723333333335,0,0,-0.433883739117558,-0.9009688679024191,-0.4999999999999997,-0.8660254037844388,0,0,1,0,0,0,0,0,0,0,0,0,0,0,0,0,0,0,0,0,0
2011-08-27,0.0,0.0,0.0,0.0,0.0,1,3,4,239,34,21394.46,0.0,20744.69,21472.349,0,0,-0.9749279121818236,-0.2225209339563146,-0.4999999999999997,-0.8660254037844388,0,0,0,0,0,0,0,0,0,0,0,0,0,0,0,0,0,0,0,0,1
2011-08-28,10618.43,1155.0,37.0,36.0,6657.0,1,3,4,240,34,0.0,13161.34,20744.69,20174.609333333334,0,0,-0.7818314824680299,0.6234898018587334,-0.4999999999999997,-0.8660254037844388,0,0,0,0,0,0,0,0,0,1,0,0,0,0,0,0,0,0,0,0,0
2011-08-29,0.0,0.0,0.0,0.0,0.0,0,3,5,241,35,10618.43,24912.78,20381.417142857146,19947.099666666665,0,0,0.0,1.0,-0.4999999999999997,-0.8660254037844388,0,0,0,0,0,0,0,0,0,0,0,0,0,0,0,0,0,0,0,0,1
2011-08-30,28205.34,3192.0,40.0,23.0,9994.0,0,3,5,242,35,0.0,24514.93,16822.448571428573,19947.099666666665,0,0,0.7818314824680298,0.6234898018587336,-0.4999999999999997,-0.8660254037844388,0,0,0,0,0,0,0,0,0,1,0,0,0,0,0,0,0,0,0,0,0
2011-08-31,18064.44,1143.0,44.0,38.0,10892.0,0,3,5,243,35,28205.34,39369.77,17349.649999999998,20094.928,0,0,0.9749279121818236,-0.22252093395631434,-0.4999999999999997,-0.8660254037844388,0,0,0,0,0,0,0,0,0,1,0,0,0,0,0,0,0,0,0,0,0
2011-09-01,32149.16,1387.0,75.0,68.0,21402.0,0,3,1,244,35,18064.44,21859.55,14306.031428571428,20057.77133333333,0,0,0.43388373911755823,-0.900968867902419,-0.8660254037844385,-0.5000000000000004,0,0,0,0,0,0,0,0,0,0,0,0,0,0,0,0,0,1,0,0,0
2011-09-02,33118.77,2298.0,73.0,57.0,14959.0,0,3,1,245,35,32149.16,21394.46,15775.975714285714,20333.84733333333,0,0,-0.433883739117558,-0.9009688679024191,-0.8660254037844385,-0.5000000000000004,0,0,0,0,0,0,1,0,0,0,0,0,0,0,0,0,0,0,0,0,0
2011-09-03,0.0,0.0,0.0,0.0,0.0,1,3,1,246,35,33118.77,0.0,17450.87714285714,20567.97666666667,0,0,-0.9749279121818236,-0.2225209339563146,-0.8660254037844385,-0.5000000000000004,0,0,0,0,0,0,0,0,0,0,0,0,0,0,0,0,0,0,0,0,1
2011-09-04,16403.97,1303.0,50.0,45.0,10031.0,1,3,1,247,35,0.0,10618.43,17450.87714285714,19135.297333333336,0,0,-0.7818314824680299,0.6234898018587334,-0.8660254037844385,-0.5000000000000004,0,0,0,0,0,0,0,0,0,0,0,1,0,0,0,0,0,0,0,0,0
2011-09-05,33235.03,1547.0,67.0,57.0,20198.0,0,3,1,248,36,16403.97,0.0,18277.382857142857,19013.243333333332,0,0,0.0,1.0,-0.8660254037844385,-0.5000000000000004,0,0,0,0,0,0,0,0,0,0,0,0,0,0,0,0,0,0,0,1,0
2011-09-06,27164.38,1109.0,62.0,52.0,13662.0,0,3,1,249,36,33235.03,28205.34,23025.244285714285,20121.077666666664,0,0,0.7818314824680298,0.6234898018587336,-0.8660254037844385,-0.5000000000000004,0,0,0,0,0,0,0,0,0,0,0,0,0,0,0,0,0,0,0,1,0
2011-09-07,30598.920000000002,2068.0,51.0,41.0,15647.0,0,3,1,250,36,27164.38,18064.44,22876.535714285714,20783.520333333334,0,0,0.9749279121818236,-0.22252093395631434,-0.8660254037844385,-0.5000000000000004,0,0,0,0,0,0,0,0,0,0,0,0,0,0,0,0,0,1,0,0,0
2011-09-08,24964.11,1729.0,75.0,62.0,15327.0,0,3,2,251,36,30598.920000000002,32149.16,24667.175714285717,21106.436999999998,0,0,0.43388373911755823,-0.900968867902419,-0.8660254037844385,-0.5000000000000004,0,0,0,0,0,0,0,0,0,0,0,0,0,0,0,0,0,0,0,1,0
2011-09-09,28069.0,1541.0,61.0,51.0,15354.0,0,3,2,252,36,24964.11,33118.77,23640.739999999998,21165.989333333335,0,0,-0.433883739117558,-0.9009688679024191,-0.8660254037844385,-0.5000000000000004,0,0,0,0,0,0,0,0,0,0,0,1,0,0,0,0,0,0,0,0,0
2011-09-10,0.0,0.0,0.0,0.0,0.0,1,3,2,253,36,28069.0,0.0,22919.344285714287,21236.845666666668,0,0,-0.9749279121818236,-0.2225209339563146,-0.8660254037844385,-0.5000000000000004,0,0,0,0,0,0,0,0,0,0,0,0,0,0,0,0,0,0,0,0,1
2011-09-11,33553.49,1965.0,75.0,68.0,19485.0,1,3,2,254,36,0.0,16403.97,22919.344285714287,19505.91,0,0,-0.7818314824680299,0.6234898018587334,-0.8660254037844385,-0.5000000000000004,0,0,0,0,0,0,0,0,0,0,0,0,0,0,0,0,0,0,0,1,0
2011-09-12,27963.95,1614.0,68.0,62.0,16389.0,0,3,2,255,37,33553.49,33235.03,25369.27571428571,19994.959333333336,0,0,0.0,1.0,-0.8660254037844385,-0.5000000000000004,0,0,0,0,0,0,0,1,0,0,0,0,0,0,0,0,0,0,0,0,0
2011-09-13,46154.03,2405.0,67.0,61.0,25980.0,0,3,2,256,37,27963.95,27164.38,24616.264285714286,20927.091,0,0,0.7818314824680298,0.6234898018587336,-0.8660254037844385,-0.5000000000000004,0,0,1,0,0,0,0,0,0,0,0,0,0,0,0,0,0,0,0,0,0
2011-09-14,22435.65,1324.0,68.0,58.0,13176.0,0,3,2,257,37,46154.03,30598.920000000002,27329.071428571428,22285.123000000003,0,0,0.9749279121818236,-0.22252093395631434,-0.8660254037844385,-0.5000000000000004,0,0,0,0,0,0,0,0,0,0,0,0,0,1,0,0,0,0,0,0,0
2011-09-15,52907.54,2132.0,80.0,67.0,23459.0,0,3,3,258,37,22435.65,24964.11,26162.889999999996,22469.28066666667,0,0,0.43388373911755823,-0.900968867902419,-0.8660254037844385,-0.5000000000000004,0,0,0,0,0,0,0,0,0,0,0,0,0,0,1,0,0,0,0,0,0
2011-09-16,26327.73,1433.0,50.0,44.0,13752.0,0,3,3,259,37,52907.54,28069.0,30154.808571428573,23610.533,0,0,-0.433883739117558,-0.9009688679024191,-0.8660254037844385,-0.5000000000000004,0,0,0,0,0,0,0,0,0,0,0,0,0,0,0,0,0,0,0,1,0
2011-09-17,0.0,0.0,0.0,0.0,0.0,1,3,3,260,37,26327.73,0.0,29906.055714285718,23282.237333333334,0,0,-0.9749279121818236,-0.2225209339563146,-0.8660254037844385,-0.5000000000000004,0,0,0,0,0,0,0,0,0,0,0,0,0,0,0,0,0,0,0,0,1
2011-09-18,15448.82,1250.0,27.0,25.0,8760.0,1,3,3,261,37,0.0,33553.49,29906.055714285718,21789.846333333335,0,0,-0.7818314824680299,0.6234898018587334,-0.8660254037844385,-0.5000000000000004,0,0,0,0,0,0,0,0,0,0,0,0,0,0,0,0,0,1,0,0,0
2011-09-19,40985.020000000004,1365.0,69.0,62.0,24020.0,0,3,3,262,38,15448.82,27963.95,27319.674285714285,21753.18633333333,0,0,0.0,1.0,-0.8660254037844385,-0.5000000000000004,0,0,0,0,0,0,0,0,0,0,0,0,0,0,0,0,0,1,0,0,0
2011-09-20,50422.24,1677.0,70.0,53.0,21873.0,0,3,3,263,38,40985.020000000004,46154.03,29179.827142857142,23119.353666666666,0,0,0.7818314824680298,0.6234898018587336,-0.8660254037844385,-0.5000000000000004,0,0,0,0,0,0,0,0,0,0,0,0,0,0,0,0,0,0,0,1,0
2011-09-21,42352.98,3003.0,75.0,65.0,21269.0,0,3,3,264,38,50422.24,22435.65,29789.571428571428,24361.38366666667,0,0,0.9749279121818236,-0.22252093395631434,-0.8660254037844385,-0.5000000000000004,0,0,0,0,0,0,0,0,0,0,0,0,0,0,0,0,0,1,0,0,0
2011-09-22,55133.95,2645.0,110.0,93.0,32003.0,0,3,4,265,38,42352.98,52907.54,32634.90428571429,24942.723666666665,0,0,0.43388373911755823,-0.900968867902419,-0.8660254037844385,-0.5000000000000004,0,0,0,0,0,0,0,0,0,0,0,0,0,0,0,0,1,0,0,0,0
2011-09-23,36620.3,2566.0,64.0,56.0,21101.0,0,3,4,266,38,55133.95,26327.73,32952.962857142855,25963.357666666667,0,0,-0.433883739117558,-0.9009688679024191,-0.8660254037844385,-0.5000000000000004,0,0,0,0,0,0,0,0,0,0,0,0,0,0,0,0,0,0,0,1,0
2011-09-24,0.0,0.0,0.0,0.0,0.0,1,3,4,267,38,36620.3,0.0,34423.33,25871.708666666666,0,0,-0.9749279121818236,-0.2225209339563146,-0.8660254037844385,-0.5000000000000004,0,0,0,0,0,0,0,0,0,0,0,0,0,0,0,0,0,0,0,0,1
2011-09-25,30678.72,1925.0,75.0,74.0,19244.0,1,3,4,268,38,0.0,15448.82,34423.33,25143.056999999997,0,0,-0.7818314824680299,0.6234898018587334,-0.8660254037844385,-0.5000000000000004,0,0,0,0,0,0,0,0,0,0,0,0,0,0,0,0,0,0,0,1,0
2011-09-26,27579.85,1510.0,65.0,61.0,14893.0,0,3,4,269,39,30678.72,40985.020000000004,36599.030000000006,25452.532333333333,0,0,0.0,1.0,-0.8660254037844385,-0.5000000000000004,0,0,0,0,0,0,0,0,0,0,0,0,0,0,0,0,0,1,0,0,0
2011-09-27,33356.62,1833.0,79.0,67.0,19672.0,0,3,4,270,39,27579.85,50422.24,34684.00571428572,26371.860666666667,0,0,0.7818314824680298,0.6234898018587336,-0.8660254037844385,-0.5000000000000004,0,0,0,0,0,0,0,0,0,0,0,0,0,0,0,0,0,0,0,1,0
2011-09-28,38631.28,2794.0,85.0,72.0,22738.0,0,3,4,271,39,33356.62,42352.98,32246.06,27129.800333333333,0,0,0.9749279121818236,-0.22252093395631434,-0.8660254037844385,-0.5000000000000004,0,0,0,0,0,0,0,0,0,0,0,0,0,0,0,0,0,0,0,1,0
2011-09-29,42645.590000000004,2443.0,104.0,93.0,26539.0,0,3,5,272,39,38631.28,55133.95,31714.38857142857,28417.509666666665,0,0,0.43388373911755823,-0.900968867902419,-0.8660254037844385,-0.5000000000000004,0,0,0,0,0,0,0,0,0,0,0,0,0,0,0,0,0,1,0,0,0
2011-09-30,37674.92,1828.0,73.0,60.0,19450.0,0,3,5,273,39,42645.590000000004,36620.3,29930.337142857144,28898.851333333336,0,0,-0.433883739117558,-0.9009688679024191,-0.8660254037844385,-0.5000000000000004,0,0,0,0,0,0,0,0,0,0,0,0,0,0,1,0,0,0,0,0,0
2011-10-01,0.0,0.0,0.0,0.0,0.0,1,4,1,274,39,37674.92,0.0,30080.997142857144,29552.534,0,0,-0.9749279121818236,-0.2225209339563146,-1.0,-1.8369701987210297e-16,0,0,0,0,0,0,0,0,0,0,0,0,0,0,0,0,0,0,0,0,1
2011-10-02,11250.65,1399.0,35.0,32.0,6700.0,1,4,1,275,39,0.0,30678.72,30080.997142857144,28480.895333333334,0,0,-0.7818314824680299,0.6234898018587334,-1.0,-1.8369701987210297e-16,0,0,0,0,0,0,0,0,0,0,0,0,0,0,0,0,0,0,0,1,0
2011-10-03,52355.15,2233.0,66.0,47.0,22250.0,0,4,1,276,40,11250.65,27579.85,27305.558571428573,27751.958,0,0,0.0,1.0,-1.0,-1.8369701987210297e-16,0,0,0,0,0,0,0,0,0,0,0,0,0,0,0,0,0,0,0,1,0
2011-10-04,42043.5,2708.0,81.0,65.0,21261.0,0,4,1,277,40,52355.15,33356.62,30844.88714285714,29497.129666666668,0,0,0.7818314824680298,0.6234898018587336,-1.0,-1.8369701987210297e-16,0,0,0,0,1,0,0,0,0,0,0,0,0,0,0,0,0,0,0,0,0
2011-10-05,60327.68,2343.0,95.0,82.0,33613.0,0,4,1,278,40,42043.5,38631.28,32085.87,30351.78066666667,0,0,0.9749279121818236,-0.22252093395631434,-1.0,-1.8369701987210297e-16,0,0,0,0,0,0,0,0,0,0,0,0,0,0,0,0,0,1,0,0,0
2011-10-06,44546.04,2871.0,120.0,98.0,28810.0,0,4,1,279,40,60327.68,42645.590000000004,35185.35571428571,31254.869000000002,0,0,0.43388373911755823,-0.900968867902419,-1.0,-1.8369701987210297e-16,0,0,0,0,0,0,0,0,0,0,0,0,0,0,0,0,0,1,0,0,0
2011-10-07,42105.94,2314.0,87.0,74.0,23996.0,0,4,1,280,40,44546.04,37674.92,35456.84857142857,31834.257666666665,0,0,-0.433883739117558,-0.9009688679024191,-1.0,-1.8369701987210297e-16,0,0,0,0,0,0,0,0,0,0,0,0,0,0,0,0,0,0,0,1,0
2011-10-08,0.0,0.0,0.0,0.0,0.0,1,4,2,281,40,42105.94,0.0,36089.85142857143,32217.825,0,0,-0.9749279121818236,-0.2225209339563146,-1.0,-1.8369701987210297e-16,0,0,0,0,0,0,0,0,0,0,0,0,0,0,0,0,0,0,0,0,1
2011-10-09,11240.18,1219.0,39.0,35.0,7121.0,1,4,2,282,40,0.0,11250.65,36089.85142857143,31385.688000000002,0,0,-0.7818314824680299,0.6234898018587334,-1.0,-1.8369701987210297e-16,0,0,0,0,0,0,0,0,0,0,0,0,0,0,0,0,0,0,0,1,0
2011-10-10,42551.17,3110.0,99.0,83.0,23375.0,0,4,2,283,41,11240.18,52355.15,36088.35571428571,30824.727333333332,0,0,0.0,1.0,-1.0,-1.8369701987210297e-16,0,0,0,0,1,0,0,0,0,0,0,0,0,0,0,0,0,0,0,0,0
2011-10-11,40854.340000000004,2396.0,81.0,68.0,24263.0,0,4,2,284,41,42551.17,42043.5,34687.787142857145,32243.099666666665,0,0,0.7818314824680298,0.6234898018587336,-1.0,-1.8369701987210297e-16,0,0,0,0,0,0,0,0,0,0,0,0,0,0,0,0,0,0,0,1,0
2011-10-12,27856.47,1995.0,86.0,71.0,17314.0,0,4,2,285,41,40854.340000000004,60327.68,34517.90714285714,32486.461333333333,0,0,0.9749279121818236,-0.22252093395631434,-1.0,-1.8369701987210297e-16,0,0,0,0,0,0,1,0,0,0,0,0,0,0,0,0,0,0,0,0,0
2011-10-13,33653.98,2252.0,76.0,67.0,17799.0,0,4,2,286,41,27856.47,44546.04,29879.162857142856,32482.878666666667,0,0,0.43388373911755823,-0.900968867902419,-1.0,-1.8369701987210297e-16,0,0,0,0,0,0,0,0,0,0,0,0,0,0,0,0,0,1,0,0,0
2011-10-14,33551.99,1750.0,71.0,59.0,17377.0,0,4,2,287,41,33653.98,42105.94,28323.15428571429,32066.210333333336,0,0,-0.433883739117558,-0.9009688679024191,-1.0,-1.8369701987210297e-16,0,0,0,0,0,0,1,0,0,0,0,0,0,0,0,0,0,0,0,0,0
2011-10-15,0.0,0.0,0.0,0.0,0.0,1,4,3,288,41,33551.99,0.0,27101.161428571428,32436.755,0,0,-0.9749279121818236,-0.2225209339563146,-1.0,-1.8369701987210297e-16,0,0,0,0,0,0,0,0,0,0,0,0,0,0,0,0,0,0,0,0,1
2011-10-16,21002.38,1219.0,35.0,32.0,8084.0,1,4,3,289,41,0.0,11240.18,27101.161428571428,30673.170333333335,0,0,-0.7818314824680299,0.6234898018587334,-1.0,-1.8369701987210297e-16,0,0,0,0,0,0,0,0,0,0,0,0,0,0,0,0,0,0,0,1,0
2011-10-17,41311.37,2863.0,87.0,75.0,25636.0,0,4,3,290,42,21002.38,42551.17,28495.76142857143,30495.658666666666,0,0,0.0,1.0,-1.0,-1.8369701987210297e-16,0,0,0,0,0,0,0,0,0,0,0,0,0,0,0,0,0,0,0,1,0
2011-10-18,41794.52,2828.0,84.0,73.0,27341.0,0,4,3,291,42,41311.37,40854.340000000004,28318.647142857146,31872.704333333335,0,0,0.7818314824680298,0.6234898018587336,-1.0,-1.8369701987210297e-16,0,0,0,0,0,0,0,0,0,0,0,0,0,0,0,0,0,0,0,1,0
2011-10-19,33582.92,2217.0,83.0,69.0,18336.0,0,4,3,292,42,41794.52,27856.47,28452.958571428575,32750.894333333337,0,0,0.9749279121818236,-0.22252093395631434,-1.0,-1.8369701987210297e-16,0,0,0,0,0,0,0,0,0,0,0,0,0,0,0,0,0,0,0,1,0
2011-10-20,53524.85,2256.0,87.0,75.0,32292.0,0,4,3,293,42,33582.92,33653.98,29271.022857142856,32504.157666666666,0,0,0.43388373911755823,-0.900968867902419,-1.0,-1.8369701987210297e-16,0,0,0,0,0,0,0,0,0,0,0,0,0,0,0,0,0,0,0,1,0
2011-10-21,43582.98,1376.0,64.0,56.0,18637.0,0,4,3,294,42,53524.85,33551.99,32109.71857142857,32607.577999999998,0,0,-0.433883739117558,-0.9009688679024191,-1.0,-1.8369701987210297e-16,0,0,0,0,0,0,0,0,0,0,0,0,0,0,0,0,0,0,0,1,0
2011-10-22,0.0,0.0,0.0,0.0,0.0,1,4,4,295,42,43582.98,0.0,33542.717142857146,32648.578,0,0,-0.9749279121818236,-0.2225209339563146,-1.0,-1.8369701987210297e-16,0,0,0,0,0,0,0,0,0,0,0,0,0,0,0,0,0,0,0,0,1
2011-10-23,12029.05,1671.0,41.0,39.0,6951.0,1,4,4,296,42,0.0,21002.38,33542.717142857146,30810.779666666673,0,0,-0.7818314824680299,0.6234898018587334,-1.0,-1.8369701987210297e-16,0,0,0,0,0,0,0,0,0,0,0,0,0,0,0,0,0,0,1,0,0
2011-10-24,35661.55,2804.0,76.0,60.0,21393.0,0,4,4,297,43,12029.05,41311.37,32260.812857142857,29991.071333333333,0,0,0.0,1.0,-1.0,-1.8369701987210297e-16,0,0,0,0,1,0,0,0,0,0,0,0,0,0,0,0,0,0,0,0,0
2011-10-25,35984.67,2418.0,75.0,64.0,23387.0,0,4,4,298,43,35661.55,41794.52,31453.695714285714,31179.789666666667,0,0,0.7818314824680298,0.6234898018587336,-1.0,-1.8369701987210297e-16,0,0,0,0,0,0,0,0,0,0,0,0,0,0,0,0,0,0,0,1,0
2011-10-26,30493.47,1856.0,92.0,75.0,16794.0,0,4,4,299,43,35984.67,33582.92,30623.717142857142,31356.654666666665,0,0,0.9749279121818236,-0.22252093395631434,-1.0,-1.8369701987210297e-16,0,0,0,0,0,0,0,0,0,1,0,0,0,0,0,0,0,0,0,0,0
2011-10-27,38959.91,2437.0,103.0,89.0,23203.0,0,4,4,300,43,30493.47,53524.85,30182.367142857143,31453.775333333335,0,0,0.43388373911755823,-0.900968867902419,-1.0,-1.8369701987210297e-16,0,0,0,0,0,0,0,0,0,0,0,0,0,0,0,0,0,0,0,1,0
2011-10-28,34557.06,1580.0,77.0,60.0,18398.0,0,4,4,301,43,38959.91,43582.98,28101.661428571428,31640.551666666663,0,0,-0.433883739117558,-0.9009688679024191,-1.0,-1.8369701987210297e-16,0,0,0,0,0,0,0,0,0,1,0,0,0,0,0,0,0,0,0,0,0
2011-10-29,0.0,0.0,0.0,0.0,0.0,1,4,5,302,43,34557.06,0.0,26812.244285714285,31504.744333333336,0,0,-0.9749279121818236,-0.2225209339563146,-1.0,-1.8369701987210297e-16,0,0,0,0,0,0,0,0,0,0,0,0,0,0,0,0,0,0,0,0,1
2011-10-30,33794.14,2842.0,96.0,88.0,19856.0,1,4,5,303,43,0.0,12029.05,26812.244285714285,30083.224666666665,0,0,-0.7818314824680299,0.6234898018587334,-1.0,-1.8369701987210297e-16,0,0,0,0,0,0,0,0,0,1,0,0,0,0,0,0,0,0,0,0,0
2011-10-31,51038.74,3348.0,69.0,60.0,21056.0,0,4,5,304,44,33794.14,35661.55,29921.542857142857,29953.865333333335,0,0,0.0,1.0,-1.0,-1.8369701987210297e-16,0,0,0,0,0,0,0,0,0,1,0,0,0,0,0,0,0,0,0,0,0
2011-11-01,27659.48,1710.0,76.0,73.0,16110.0,0,4,1,305,44,51038.74,35984.67,32118.28428571429,31655.15666666667,0,0,0.7818314824680298,0.6234898018587336,-0.8660254037844386,0.5000000000000001,0,0,0,0,0,0,1,0,0,0,0,0,0,0,0,0,0,0,0,0,0
2011-11-02,40689.72,2549.0,85.0,79.0,22794.0,0,4,1,306,44,27659.48,30493.47,30928.971428571425,32202.11766666667,0,0,0.9749279121818236,-0.22252093395631434,-0.8660254037844386,0.5000000000000001,0,0,0,0,0,0,0,0,0,1,0,0,0,0,0,0,0,0,0,0,0
2011-11-03,45779.54,2334.0,102.0,86.0,23905.0,0,4,1,307,44,40689.72,38959.91,32385.57857142857,31813.27,0,0,0.43388373911755823,-0.900968867902419,-0.8660254037844386,0.5000000000000001,0,0,0,0,0,0,0,0,0,1,0,0,0,0,0,0,0,0,0,0,0
2011-11-04,52350.46,2826.0,93.0,72.0,29703.0,0,4,1,308,44,45779.54,34557.06,33359.811428571425,31937.804666666667,0,0,-0.433883739117558,-0.9009688679024191,-0.8660254037844386,0.5000000000000001,0,0,0,0,0,0,0,0,0,1,0,0,0,0,0,0,0,0,0,0,0
2011-11-05,0.0,0.0,0.0,0.0,0.0,1,4,1,309,44,52350.46,0.0,35901.72571428572,31671.89733333333,0,0,-0.9749279121818236,-0.2225209339563146,-0.8660254037844386,0.5000000000000001,0,0,0,0,0,0,0,0,0,0,0,0,0,0,0,0,0,0,0,0,1
2011-11-06,41509.62,3336.0,102.0,88.0,22679.0,1,4,1,310,44,0.0,33794.14,35901.72571428572,30187.029333333332,0,0,-0.7818314824680299,0.6234898018587334,-0.8660254037844386,0.5000000000000001,0,0,0,0,0,0,0,0,0,1,0,0,0,0,0,0,0,0,0,0,0
2011-11-07,57776.07,2013.0,92.0,80.0,23007.0,0,4,1,311,45,41509.62,51038.74,37003.93714285714,30167.152,0,0,0.0,1.0,-0.8660254037844386,0.5000000000000001,0,0,0,0,0,0,0,0,0,1,0,0,0,0,0,0,0,0,0,0,0
2011-11-08,52841.86,3906.0,107.0,94.0,25851.0,0,4,2,312,45,57776.07,27659.48,37966.41285714286,32093.021,0,0,0.7818314824680298,0.6234898018587336,-0.8660254037844386,0.5000000000000001,0,0,0,0,0,0,0,0,0,0,0,0,0,0,0,0,0,0,0,1,0
2011-11-09,52583.08,2644.0,119.0,101.0,30835.0,0,4,2,313,45,52841.86,40689.72,41563.89571428572,33479.74366666667,0,0,0.9749279121818236,-0.22252093395631434,-0.8660254037844386,0.5000000000000001,0,0,0,0,0,0,0,0,0,0,0,0,0,0,0,0,0,1,0,0,0
2011-11-10,62505.21,3150.0,127.0,111.0,33098.0,0,4,2,314,45,52583.08,45779.54,43262.94714285714,33814.140666666666,0,0,0.43388373911755823,-0.900968867902419,-0.8660254037844386,0.5000000000000001,0,0,0,0,0,0,0,0,0,1,0,0,0,0,0,0,0,0,0,0,0
2011-11-11,51653.39,3995.0,102.0,87.0,27965.0,0,4,2,315,45,62505.21,52350.46,45652.32857142857,34535.83633333333,0,0,-0.433883739117558,-0.9009688679024191,-0.8660254037844386,0.5000000000000001,0,0,0,0,0,0,0,0,0,1,0,0,0,0,0,0,0,0,0,0,0
2011-11-12,0.0,0.0,0.0,0.0,0.0,1,4,2,316,45,51653.39,0.0,45552.74714285714,35329.067,0,0,-0.9749279121818236,-0.2225209339563146,-0.8660254037844386,0.5000000000000001,0,0,0,0,0,0,0,0,0,0,0,0,0,0,0,0,0,0,0,0,1
2011-11-13,31439.54,2943.0,87.0,75.0,19964.0,1,4,2,317,45,0.0,41509.62,45552.74714285714,34207.26766666667,0,0,-0.7818314824680299,0.6234898018587334,-0.8660254037844386,0.5000000000000001,0,0,0,0,0,0,0,0,0,0,0,0,0,0,0,0,0,0,0,1,0
2011-11-14,83931.62,3458.0,106.0,93.0,37947.0,0,4,2,318,46,31439.54,57776.07,44114.16428571429,34136.852666666666,0,0,0.0,1.0,-0.8660254037844386,0.5000000000000001,0,0,0,0,0,0,1,0,0,0,0,0,0,0,0,0,0,0,0,0,0
2011-11-15,51378.6,3348.0,107.0,93.0,25892.0,0,4,3,319,46,83931.62,52841.86,47850.67142857142,36934.573333333334,0,0,0.7818314824680298,0.6234898018587336,-0.8660254037844386,0.5000000000000001,0,0,0,0,0,0,0,0,0,1,0,0,0,0,0,0,0,0,0,0,0
2011-11-16,58607.06,4061.0,130.0,111.0,30645.0,0,4,3,320,46,51378.6,52583.08,47641.63428571429,37947.11400000001,0,0,0.9749279121818236,-0.22252093395631434,-0.8660254037844386,0.5000000000000001,0,0,0,0,0,0,0,0,0,1,0,0,0,0,0,0,0,0,0,0,0
2011-11-17,55985.05,3497.0,136.0,125.0,29977.0,0,4,3,321,46,58607.06,62505.21,48502.20285714285,38523.636999999995,0,0,0.43388373911755823,-0.900968867902419,-0.8660254037844386,0.5000000000000001,0,0,0,0,0,0,0,0,0,1,0,0,0,0,0,0,0,0,0,0,0
2011-11-18,46464.03,2759.0,108.0,98.0,22308.0,0,4,3,322,46,55985.05,51653.39,47570.75142857143,38996.65466666666,0,0,-0.433883739117558,-0.9009688679024191,-0.8660254037844386,0.5000000000000001,0,0,0,0,0,0,0,0,0,1,0,0,0,0,0,0,0,0,0,0,0
2011-11-19,0.0,0.0,0.0,0.0,0.0,1,4,3,323,46,46464.03,0.0,46829.41428571429,39426.025,0,0,-0.9749279121818236,-0.2225209339563146,-0.8660254037844386,0.5000000000000001,0,0,0,0,0,0,0,0,0,0,0,0,0,0,0,0,0,0,0,0,1
2011-11-20,32540.09,3218.0,100.0,91.0,18700.0,1,4,3,324,46,0.0,31439.54,46829.41428571429,37641.86333333333,0,0,-0.7818314824680299,0.6234898018587334,-0.8660254037844386,0.5000000000000001,0,0,0,0,1,0,0,0,0,0,0,0,0,0,0,0,0,0,0,0,0
2011-11-21,44110.76,2827.0,100.0,85.0,24238.0,0,4,3,325,47,32540.09,83931.62,46986.63571428571,37273.767,0,0,0.0,1.0,-0.8660254037844386,0.5000000000000001,0,0,0,0,0,0,1,0,0,0,0,0,0,0,0,0,0,0,0,0,0
2011-11-22,54530.65,3817.0,134.0,120.0,29486.0,0,4,4,326,47,44110.76,51378.6,41297.94142857142,38744.12566666667,0,0,0.7818314824680298,0.6234898018587336,-0.8660254037844386,0.5000000000000001,0,0,0,0,0,0,0,0,0,1,0,0,0,0,0,0,0,0,0,0,0
2011-11-23,68878.47,3488.0,130.0,107.0,34080.0,0,4,4,327,47,54530.65,58607.06,41748.23428571429,40160.84566666666,0,0,0.9749279121818236,-0.22252093395631434,-0.8660254037844386,0.5000000000000001,0,0,0,0,0,0,0,0,0,1,0,0,0,0,0,0,0,0,0,0,0
2011-11-24,45095.56,3637.0,112.0,98.0,24951.0,0,4,4,328,47,68878.47,55985.05,43215.57857142857,41268.07633333334,0,0,0.43388373911755823,-0.900968867902419,-0.8660254037844386,0.5000000000000001,0,0,0,0,0,0,1,0,0,0,0,0,0,0,0,0,0,0,0,0,0
2011-11-25,44248.74,3025.0,83.0,69.0,17728.0,0,4,4,329,47,45095.56,46464.03,41659.93714285714,41571.772666666664,0,30,-0.433883739117558,-0.9009688679024191,-0.8660254037844386,0.5000000000000001,0,0,0,0,0,0,0,0,0,1,0,0,0,0,0,0,0,0,0,0,0
2011-11-26,0.0,0.0,0.0,0.0,0.0,1,4,4,330,47,44248.74,0.0,41343.467142857146,42030.28166666666,0,29,-0.9749279121818236,-0.2225209339563146,-0.8660254037844386,0.5000000000000001,0,0,0,0,0,0,0,0,0,0,0,0,0,0,0,0,0,0,0,0,1
2011-11-27,19972.81,2415.0,57.0,51.0,10829.0,1,4,4,331,47,0.0,32540.09,41343.467142857146,40731.618,0,28,-0.7818314824680299,0.6234898018587334,-0.8660254037844386,0.5000000000000001,0,0,0,0,0,0,0,0,0,0,0,0,0,0,0,0,0,0,0,1,0
2011-11-28,48004.23,3241.0,114.0,96.0,26011.0,0,4,4,332,48,19972.81,44110.76,39548.14142857143,40245.47633333333,0,27,0.0,1.0,-0.8660254037844386,0.5000000000000001,0,0,0,0,0,0,0,0,0,0,0,0,0,0,0,0,0,0,0,1,0
2011-11-29,61773.79,4204.0,135.0,109.0,26844.0,0,4,5,333,48,48004.23,54530.65,40104.35142857143,41845.617333333335,0,26,0.7818314824680298,0.6234898018587336,-0.8660254037844386,0.5000000000000001,0,0,0,0,0,0,0,0,0,1,0,0,0,0,0,0,0,0,0,0,0
2011-11-30,54427.77,3325.0,107.0,91.0,26452.0,0,4,5,334,48,61773.79,68878.47,41139.08571428571,42778.27233333334,0,25,0.9749279121818236,-0.22252093395631434,-0.8660254037844386,0.5000000000000001,0,0,0,0,0,0,1,0,0,0,0,0,0,0,0,0,0,0,0,0,0
2011-12-01,47391.770000000004,2781.0,121.0,111.0,24682.0,0,4,1,335,48,54427.77,45095.56,39074.700000000004,42891.240000000005,0,24,0.43388373911755823,-0.900968867902419,-0.5000000000000004,0.8660254037844384,0,0,0,0,0,0,0,0,0,1,0,0,0,0,0,0,0,0,0,0,0
2011-12-02,48055.06,2777.0,120.0,95.0,23224.0,0,4,1,336,48,47391.770000000004,44248.74,39402.729999999996,43548.98300000001,0,23,-0.433883739117558,-0.9009688679024191,-0.5000000000000004,0.8660254037844384,0,0,0,0,0,0,1,0,0,0,0,0,0,0,0,0,0,0,0,0,0
2011-12-03,0.0,0.0,0.0,0.0,0.0,1,4,1,337,48,48055.06,0.0,39946.49,43794.49433333333,0,22,-0.9749279121818236,-0.2225209339563146,-0.5000000000000004,0.8660254037844384,0,0,0,0,0,0,0,0,0,0,0,0,0,0,0,0,0,0,0,0,1
2011-12-04,23653.3,1969.0,66.0,58.0,12142.0,1,4,1,338,48,0.0,19972.81,39946.49,42268.509666666665,0,21,-0.7818314824680299,0.6234898018587334,-0.5000000000000004,0.8660254037844384,0,0,0,0,0,0,0,0,0,1,0,0,0,0,0,0,0,0,0,0,0
2011-12-05,73969.51,5242.0,126.0,105.0,38210.0,0,4,1,339,49,23653.3,48004.23,40472.27428571428,41311.937666666665,0,20,0.0,1.0,-0.5000000000000004,0.8660254037844384,0,0,0,0,1,0,0,0,0,0,0,0,0,0,0,0,0,0,0,0,0
2011-12-06,49997.87,3198.0,114.0,103.0,28358.0,0,4,1,340,49,73969.51,61773.79,44181.6,43777.587999999996,0,19,0.7818314824680298,0.6234898018587336,-0.5000000000000004,0.8660254037844384,0,0,0,0,0,0,0,0,0,1,0,0,0,0,0,0,0,0,0,0,0
2011-12-07,55011.99,2349.0,105.0,93.0,32312.0,0,4,1,341,49,49997.87,54427.77,42499.32571428571,44060.52966666667,0,18,0.9749279121818236,-0.22252093395631434,-0.5000000000000004,0.8660254037844384,0,0,0,0,0,0,0,0,0,1,0,0,0,0,0,0,0,0,0,0,0
2011-12-08,65679.34,4825.0,120.0,105.0,29846.0,0,4,2,342,49,55011.99,47391.770000000004,42582.78571428572,43968.39366666667,0,17,0.43388373911755823,-0.900968867902419,-0.5000000000000004,0.8660254037844384,0,0,0,0,0,0,1,0,0,0,0,0,0,0,0,0,0,0,0,0,0
2011-12-09,28922.44,1611.0,44.0,35.0,12569.0,0,4,2,343,49,65679.34,48055.06,45195.295714285705,44396.30966666667,0,16,-0.433883739117558,-0.9009688679024191,-0.5000000000000004,0.8660254037844384,0,0,0,0,0,0,1,0,0,0,0,0,0,0,0,0,0,0,0,0,0
